BDI	705.0304	12551215		61.7	
BDI	824.61053	10149583	5.123366	59.2	
BDI	764.3366	10903329	5.82391	60.8	2.905
BDI	807.665	9455737		57.8	3.67756
BDI	729.65845	11874838		62.4	3.7753
BDI	781.5793	10727153	4.2975073	60.2	2.905
BDI	814.3208	9795479	5.1043954	58.5	
BDI	750.7876	11155592		61.6	2.9045
BDI	740.44824	11493476		61.7	3.7753
BDI	831.29486	10494920	5.3740325	59.9	2.905
BDI	711.3553	12220229		61.6	3.7753
NPL	2763.8289	27266398	2.4902444	67.3	4.474119
NPL	3260.035	27610328	2.020983	67.5	4.793
NPL	3495.5288	28183424	2.18923	68.9	4.8804
NPL	3719.3079	28506718	2.2100058	69	4.9127
NPL	3761.8027	29348626		69.2	5.2689
NPL	3152.2932	27462110	2.0318909	68.1	4.514
NPL	3922.0813	28832500	2.2856154	69.6	5.1372
NPL	2982.287	27381558	2.2131686	68	
NPL	3831.9485	30034988		68.4	5.3765
NPL	3244.6743	27861186	2.1463552	68.8	4.962
NPL	2886.0974	27330696	2.3490074	67.5	
HKG	59842.215	7461508	0.32165036	84.9	5.4304
HKG	53471.797	7175370	0.23692176	83.2	5.423889
HKG	55229.605	7296820	0.8496845	83.8	
HKG	57214.69	7399845	0.2973038	84.3	5.458
HKG	58098.395	7435925	0.37655023	84.5	5.472
HKG	61055.34	7481563	0.64157784	85.2	5.4304
HKG	59588.52	7496121	0.32016557	85.3	5.5104
HKG	55888.688	7500955	0.2932959	85.2	5.4767
HKG	53783.945	7234062	0.3732344	83.6	
HKG	59978.15	7494580	0.30688852	85.5	5.4248
HKG	56358.043	7352180	0.36723787	84.1	5.474
COG	3695.0618	5570736		62.7	5.1944
COG	5009.432	5064390		63.2	4.236
COG	3234.393	5835814		63.5	5.0752
COG	3786.412	5441061		64.1	4.8115
COG	5319.387	4944865		63	3.989
COG	4073.926	5312347		63.8	4.5587
COG	4363.754	5186830		63.6	4.291
COG	5105.17	4828073		62.7	
COG	3384.6543	5702183		63.8	5.3417
COG	5267.05	4713260		62.3	
COG	4925.377	4584223		62	3.819792
TUR	23912.732	76576120		76.3	
TUR	28157.979	82809304	2.60961	77.6	5.3726
TUR	24600.518	78112064		76.6	5.332
TUR	21716.266	74173856	4.126791	74.9	5.233999
TUR	28473.205	84135432	2.5054843	75.8	4.9476
TUR	28150.059	83481688	2.4196925	77.8	5.1318
TUR	25594.66	79646176	2.806161	76.6	5.389
TUR	25996.967	81019400	3.3374724	76.7	5.5
TUR	31466.56	84775408	2.5195987	76	4.7442
TUR	27582.832	82089824	3.0953896	77.1	5.4825
TUR	22422.537	75277440	4.2721963	75.7	
THA	16848.584	71475664		79.3	5.9847
THA	15129.901	69157024		76.8	
THA	14199.279	68712848	4.812783	76.4	5.80368
THA	15442.38	69578600		77.1	
THA	17669.045	71127808		78.7	6.008
THA	15509.181	69960944		77.4	6.455
THA	17008.04	70898208		78.4	6.0723
THA	18003.672	71307768		79	5.9988
THA	15919.37	70294408		77.7	6.474
THA	16393.314	70607032		78	6.424
THA	17077.043	71601104		78.7	5.8912
OWID_KOS	8040.5938	1799340	3.4457116	77.7	5.420175
OWID_KOS	8796.63	1777812	3.0936956	78.9	5.589
OWID_KOS	11884.18	1662022	1.9855483	76.8	6.4551
OWID_KOS	11318.462	1686856	1.4227626	79	6.3252
OWID_KOS	10755.168	1709966	2.5731566	78.7	6.1
OWID_KOS	10706.514	1670702	2.2146425	76.6	6.372
OWID_KOS	10436.169	1731670	2.771898	78.8	5.6621
OWID_KOS	10031.044	1750724	2.1705317	79	5.279
OWID_KOS	8486.565	1805676	2.2706196	78.6	
OWID_KOS	9445.105	1759122	2.3875546	78.9	5.401
OWID_KOS	8105.375	1811418	4.968498	78.3	
TWN		23726186		80.5	6.4462
TWN		23143076		79	5.987677
TWN		23821468		80.9	6.5844
TWN		23665028		80.1	6.4406
TWN		23512136		79.9	6.379
TWN		23422504		79.6	6.298
TWN		23234064		79.3	
TWN		23330332		79.7	
TWN		23859904		81	6.5125
TWN		23594476		79.8	6.422
TWN		23777742		80.7	6.4554
CMR	3314.8982	20448880	4.0833545	57.1	4.375735
CMR	3442.2007	21632852		58.5	
CMR	3732.5012	25076752		61.2	5.0437
CMR	3614.7556	23012650	3.741421	59.7	4.513
CMR	3756.5095	25782342		61.6	5.0849
CMR	3371.9756	21032684	4.1839643	57.8	
CMR	3691.0947	24393182	4.1159043	60.8	4.9753
CMR	3530.2832	22299590		58.9	4.252
CMR	3700.4644	27198632		60.3	5.0476
CMR	3665.5105	26491090	4.5373755	60.8	5.1418
CMR	3667.3228	23711626	3.3190465	60.2	4.695
USA	55803.51	316651328	4.6915956	78.9	
USA	59914.777	329791232	5.2439237	78.8	6.886
USA	58972.902	327210208	5.3216558	78.8	6.993
USA	61355.65	332140032	4.929848	79	6.8923
USA	57308.32	322033952	4.398294	79	7.119
USA	62478.254	334319680	4.9859467	79.1	6.9396
USA	63669.71	336997632	6.8074665	77.2	6.9768
USA	54960.906	313876608	4.6709437	78.8	7.270243
USA	60167.855	335942016	6.420751	77.4	6.9515
USA	56438.945	319375168	4.483442	79	
USA	58427.55	324607776	4.892982	78.9	7.104
COL	12934.966	45782420	35.90898	75.6	
COL	14648.592	51516560	27.484365	72.8	5.7806
COL	13465.075	46237928	33.35357	75.8	
COL	14616.135	50187404	25.753473	76.8	6.1634
COL	14426.435	49276968	26.231325	76.7	6.1248
COL	12578.016	45308896	35.59345	75.3	6.202322
COL	14215.688	47119728	27.128765	76.3	6.481
COL	13387.701	50930656	24.242764	74.8	6.0124
COL	13938.231	46677944	28.585234	76	6.477
COL	14334.915	48351668	25.434488	76.6	6.2601
COL	14358.168	47625960	26.040422	76.5	6.357
COM	3222.374	806168		64.2	4.2886
COM	3290.6506	790993		64.1	4.2886
COM	3084.8267	670081		61.5	3.700023
COM	3115.238	684564		61.8	
COM	3150.8777	730221		62.9	3.956
COM	3185.6296	746239		63.2	
COM	3228.5269	821632		63.4	4.6086
COM	3240.1792	761672		63.6	
COM	3185.3196	699397		62.2	
COM	3183.157	714617		62.5	3.956
COM	3294.832	776322		63.9	3.9728
DEU	53071.457	82624368	0.9839711	80.9	6.9647
DEU	51840.33	83328992	0.93844897	81.1	7.1545
DEU	53431.395	82896696	0.9505807	81.2	6.985
DEU	50845.527	81858824	0.87467664	80.9	6.75
DEU	49757.926	81423384	0.9063736	80.4	6.572111
DEU	51879.67	82331432	1.1696628	80.8	6.951
DEU	49954.17	81680592	0.8349597	80.5	
DEU	53179.656	83408560	0.83324784	80.6	7.0341
DEU	51159.297	82073232	0.8309653	80.6	6.994
DEU	49872.45	81545568	0.8081371	80.5	
DEU	53874.316	83148144	0.7492651	81.6	7.0758
SLV	7995.633	6185641	40.62634	71.8	
SLV	8267.251	6292734	21.310303	71.1	6.0605
SLV	7665.948	6137354	71.21968	71.9	5.955841
SLV	8266.723	6231072	106.8196	71.8	6.068
SLV	8450.251	6250513	84.40911	72	6.003
SLV	8100.975	6209528	63.144913	71.7	6.13
SLV	7851.7017	6161293	42.10158	71.8	
SLV	8812.201	6276340	53.311302	72.6	6.2531
SLV	9086.047	6314165	18.165499	70.7	6.12
SLV	8617.922	6266661	63.223526	72.3	6.1668
SLV	9021.426	6280222	38.183395	72.6	6.3483
MEX	20032.408	122839256	26.114616	74.1	6.4882
MEX	19086.105	126705136	28.175653	70.2	6.1276
MEX	20278.217	124013864	29.581371	74	6.5945
MEX	19830.963	121519224	20.209972	74.4	6.578
MEX	18327.99	125998296	29.185314	70.1	6.3168
MEX	20064.5	125085312	29.308798	74.2	6.465
MEX	19141.92	118755888	16.849691	74.8	7.187
MEX	18432.37	114150480	23.839584	74.4	6.740288
MEX	18838.783	115755912	22.432549	74.6	
MEX	19542.89	120149896	17.28008	74.7	6.778
MEX	18844.031	117290680	19.663113	74.7	
SRB	14926.494	7620925	1.6927093	74.8	4.564279
SRB	15402.562	7566674	1.8370023	75.6	
SRB	14896.884	7591357	1.4490178	75.1	
SRB	15581.014	7519501	1.3298764	75.8	5.177
SRB	16185.742	7493288	1.5480521	76.3	5.395
SRB	18310.08	7401056	1.1890196	76.7	5.7782
SRB	15229.067	7543965	1.5641652	75.7	5.123
SRB	16614.014	7464882	1.1520613	76.2	5.3982
SRB	19831.297	7296771	1.0552616	74.2	6.178
SRB	18265.967	7358010	1.1416138	75.4	6.0779
SRB	17455.945	7433825	1.4124639	76.5	5.603
MKD	15709.287	2111982	1.467818	76.5	5.1848
MKD	13809.965	2097110	1.4305472	75.2	4.369255
MKD	14599.242	2105293	1.662478	75.9	5.007
MKD	16148.459	2113497	1.1828771	77.3	5.2736
MKD	15556.255	2110194	0.90039027	76	5.175
MKD	14111.445	2102220	1.046515	75.9	
MKD	16776.076	2114175	1.1351941	77.3	5.1598
MKD	15782.548	2111078		75.2	5.1012
MKD	15141.992	2107965	1.1859796	76	5.121
MKD	16467.316	2103329		73.8	5.199
MKD	13730.258	2099486	1.3812957	75.1	
NAM	10266.171	2405682	19.7865	62.6	4.6392
NAM	10813.227	2282709		60.7	4.574
NAM	10122.154	2204517		58.7	
NAM	9137.797	2530150	12.449852	59.3	4.4594
NAM	9048.184	2489099	12.173084	62.8	4.5741
NAM	9431.044	2132343	14.444222	56.6	4.885587
NAM	10554.564	2243008		59.8	
NAM	10009.578	2446648	13.038265	63.1	4.5711
NAM	9747.819	2167474	17.901054	57.6	
NAM	10627.635	2323351		61.7	4.574
NAM	10335.268	2364540		62.3	4.4413
ETH	1987.9688	108197944		64.8	4.3502
ETH	2319.0684	120283024		65	4.2415
ETH	1336.0669	91817936		60.7	4.064207
ETH	2181.659	114120592		65.8	4.1862
ETH	1864.4877	105293232		64.4	4.46
ETH	1750.6727	102471896		63.6	4.508
ETH	2067.4565	111129440		65.4	4.2858
ETH	1411.136	94451280	8.631964	61.5	
ETH	1629.1891	99746768		62.9	4.512
ETH	1518.1438	97084376		62.4	
ETH	2253.2358	117190920		65.4	4.2747
KWT	55583.562	3761590		79.4	6.295
KWT	43922.63	4360451	0.25226787	76.9	6.1061
KWT	61356.938	3143827	1.876695	78.5	6.574075
KWT		4250111		78.7	6.1061
KWT	48943.008	4317190	0.85703987	79.7	6.0207
KWT	50007.3	4124904	1.1151773	79.8	6.0834
KWT	60588.156	3394668	1.7969383	78.8	
KWT	53808.125	3908745		79.6	6.239
KWT	47314.797	4441105	0.36027116	79.7	6.1021
KWT	53476.12	4048090		79.7	6.105
KWT	57051.742	3646520		79.2	
GBR	44247.03	64773504	0.90932244	81.2	6.867
GBR	42389.145	63286360	1.0128565	80.8	6.936396
GBR	46878.137	66432996	1.1364834	81.1	7.0537
GBR	47362.266	66778660	1.150068	81.7	7.1645
GBR	44978.715	67281040		80.7	6.9425
GBR	42705.15	63808728	0.98262423	80.9	
GBR	44948.336	65224368	0.99962646	80.9	6.725
GBR	43192.08	64302296	0.9377581	80.9	
GBR	46372.387	66064808	1.2245553	81.2	6.8143
GBR	41984.105	67059472	1.0035868	80.4	7.0636
GBR	45574.848	65655204	1.2017326	81.1	6.714
KHM	3761.9114	15624586		70.2	4.168
KHM	2856.5308	14573894	1.8389057	68.4	4.100715
KHM	4276.1846	16396864		70.4	4.8304
KHM	3378.3645	15210817		69.7	3.819
KHM	4217.6216	16025242		70.6	4.6998
KHM	3565.245	15417527		69.9	3.907
KHM	3972.724	15830694		70.5	4.4326
KHM	4354.5654	16589031		69.6	4.6403
KHM	3021.3323	14786650		68.9	
KHM	3197.532	14999691		69.3	
KHM	4464.2944	16207746		70.7	4.8484
ARE	59949.246	8664976	0.79630977	78.7	
ARE	68076.63	8916909	0.67287964	79.2	6.573
ARE	71782.16	9211660	0.6947718	79.7	6.7908
ARE	67668.29	9287286	0.6998813	78.9	6.5605
ARE	57815.17	8575210	0.59473795	78.5	6.977243
ARE	62354.824	8751853	0.6512911	78.9	
ARE	64334.09	8835957	0.69036144	79	6.901
ARE	69733.8	9365149	0.46982723	78.7	6.576
ARE	71244.586	8994266		79.3	6.648
ARE	71182.37	9068297		79.5	6.7741
ARE	71550.555	9140172		79.6	6.8245
JPN	38735.895	127853688	0.3355398	83.2	
JPN	38149.617	128007256	0.34529293	82.7	6.059098
JPN	41739.203	126255872	0.26454216	84.3	5.8861
JPN	41697.41	125791680	0.2535939	84.4	5.8708
JPN	39935.465	125244760	0.25390282	84.7	5.9405
JPN	41444.215	126662464	0.24158695	84.2	5.915
JPN	40784.383	124612528	0.22870894	84.8	6.0389
JPN	39739.543	127476728	0.30986047	83.7	5.987
JPN	40727.97	126993856	0.28505316	84.1	5.92
JPN	39569.637	127678920	0.2897894	83.4	
JPN	40402.582	127250936	0.28526312	83.9	5.921
GHA	4610.028	27525586	2.001773	62.4	
GHA	4128.56	26205940	1.6141378	61.7	4.704951
GHA	4616.6196	28870946	1.8184376	63.2	4.276
GHA	4402.546	26858760	2.0849807	62.1	
GHA	4929.568	30222266	2.015071	64	4.657
GHA	5345.9414	31522294	1.8114166	64.7	5.148
GHA	5263.5264	32180402	1.7246522	64.1	5.0884
GHA	4628.9014	28196356	1.9257805	63	4.633
GHA	5125.2495	30870648	1.6196619	64.1	4.9963
GHA	5435.238	32833036	1.8365651	63.8	4.872
GHA	4662.011	29554298	1.8575976	63.9	4.12
TJK	2481.572	7784820	1.6185347	68.1	4.613789
TJK	3903.32	9750078		71.6	5.3771
TJK	3091.2273	8725326		69.5	5.041
TJK	3236.4395	8925529		69.9	5.3525
TJK	2858.2354	8326354		69.1	4.786
TJK	3405.0908	9128131		70.4	5.4673
TJK	3651.9421	9543211	0.9116432	68	5.4662
TJK	2610.1665	7956383		68.5	
TJK	2959.9941	8524066		69.3	4.996
TJK	2741.2246	8136612		68.9	
TJK	3575.2798	9337008		70.9	5.5557
ARG	22747.242	44413592	5.367726	77	6.0863
ARG	23189.527	43668236	6.011234	76.3	6.599
ARG	21527.195	45276788	4.6226788	75.4	5.967
ARG	24647.629	41520736	6.0475802	76.1	6.242357
ARG	19685.217	45036032	5.3668137	75.9	5.9293
ARG	22071.748	44745516	5.155823	77.3	5.9747
ARG	23550.1	42824064	7.53782	76.8	6.574
ARG	24118.867	41952364	6.3119206	76.5	
ARG	23597.117	44054616	5.259381	76.8	6.388
ARG	24424.137	42388268	7.247288	76.5	
ARG	23933.887	43257064	6.558466	76.8	6.65
NGA	5429.0996	183995776		51.8	4.875
NGA	5089.778	198387616		52.6	5.2646
NGA	4865.087	208327408		52.9	4.7593
NGA	4975.638	165463744		51.4	4.855947
NGA	5424.9243	179379024		51.8	5.268
NGA	5045.4717	170075936		51.5	
NGA	5238.8325	174726128		51.7	
NGA	5209.074	188666928	33.604195	52	5.074
NGA	5076.368	203304496	21.74079	52.9	4.7241
NGA	4922.6323	213401328		52.7	4.552
NGA	5120.0054	193495904		52.3	5.1554
LSO	2533.1191	2225710		54.2	3.6528
LSO	2625.637	2118532		51.1	
LSO	2688.1345	2143876		52.3	3.808
LSO	2557.0002	2073948		49	
LSO	2404.3628	2037687		46.7	
LSO	2574.2964	2095251		50	4.898
LSO	2571.694	2170622		53.1	3.8082
LSO	2292.1953	2254104		54.7	3.5118
LSO	2535.471	2054722		47.8	
LSO	2541.4526	2198030		53.7	3.8019
LSO	2295.2322	2281464		53.1	3.5118
BHR	49387.418	1463266	0.068340294	78.8	6.6469
BHR	47847.84	1477478	0	79.2	6.6469
BHR	48915.53	1261683	0.87185824	79.2	
BHR	48453.727	1362157	0.22024135	79.4	6.218
BHR	49117.99	1311142	0.6864284	79.3	5.96
BHR	46564.71	1212086	0.99003613	78.9	5.567952
BHR	48929.445	1456844	0.411852	79.7	6.1051
BHR	48486.305	1409668	0.28375617	79.6	6.087
BHR	49768.977	1494195	0.26770383	80	6.2273
BHR	48937.66	1487346	0.33617073	79.9	6.1994
BHR	47793.53	1224948	0.7347302	79.1	
LBN	17172.197	5781912	3.1477506	79.2	4.7715
LBN	13780.958	5662924	2.2603166	77.8	4.5838
LBN	17808.076	6109255	4.02668	79.7	5.1989
LBN	16611.72	6398941	3.6099732	79.2	5.129
LBN	17248.19	6258628	3.7548215	79.5	5.225
LBN	19216.969	5045061	3.3299925	78.4	5.049216
LBN	16863.637	6274345	3.825102	79	4.839
LBN	12977.202	5592626		75	2.9553
LBN	19202.547	5178338	3.746376	78.6	
LBN	18180.367	5678859	4.15577	78.8	
LBN	17970.94	5950842	2.8903487	79.7	5.1973
ARM	13231.431	2836563	1.7627003	75.1	4.5594
ARM	9551.158	2928984	2.4240553	73.3	4.473529
ARM	11506.039	2878598	2.6054382	74.4	4.36
ARM	12509.64	2851929	2.4544842	74.9	4.3206
ARM	10289.976	2914428	2.2302885	73.5	
ARM	11105.532	2889937	2.4914103	74.1	4.35
ARM	13357.697	2805610	1.8534304	72.2	5.2826
ARM	10677.304	2901386	2.1713772	73.7	
ARM	11580.384	2865841	3.0357645	74.7	4.376
ARM	14193.117	2790971	2.1856172	72	5.3986
ARM	14317.553	2820604	2.5881004	75.4	4.6768
FRA	42862.414	62775272	1.3635943	81.8	6.746459
FRA	42813.934	63335180	1.2268063	82	
FRA	43705.15	63989320	1.2173907	82.4	6.442
FRA	43345.785	63809768	1.5859641	82.2	6.478
FRA	44577.066	64144092	1.106883	82.5	6.4893
FRA	43021.395	63588496	1.2455084	82.5	6.575
FRA	44993.125	64531448	1.13743	82.5	6.6867
FRA	45245.96	64277812	1.0827998	82.6	6.5921
FRA	45922.793	64399760	1.1692591	82.7	6.6638
FRA	42789.05	63071412	1.2430353	81.8	
FRA	42233.14	64480052	1.0732001	82.2	6.6899
JAM	9745.554	2784542	36.0921	73	5.709
JAM	9800.507	2794455	43.264412	72.4	5.51
JAM	9198.148	2820438	47.262203	71.9	6.3092
JAM	10160.764	2811842	45.84195	71.8	5.8898
JAM	9715.208	2759819	39.930183	73.4	
JAM	9906.04	2802699	48.310635	72	5.311
JAM	9718.625	2773134	43.34454	73.4	
JAM	9596.564	2827701	52.127274	70.5	5.8496
JAM	9984.577	2808388	58.646004	71.9	5.8898
JAM	10244.366	2813776	47.62289	71.8	5.8898
JAM	9823.773	2746169	41.25747	73.1	6.207882
LBR	1455.6377	4985290		61.1	4.5579
LBR	1521.7335	4889396		60.9	3.9753
LBR	1475.8392	4181148	3.8506157	59.6	4.039651
LBR	1538.4072	4331749	3.1165302	59.9	
LBR	1613.8655	4519410		59.1	4.571
LBR	1635.9583	4427319		59.9	
LBR	1581.055	4612330		59.1	3.622
LBR	1525.458	4706106		60.4	3.533
LBR	1423.2296	5193422		60.7	5.1215
LBR	1383.8281	5087591		60.9	4.6252
LBR	1533.4113	4796632		60.6	3.4954
PHL	6610.851	99700112		70.8	
PHL	5995.431	96337912	8.811692	70.8	4.825137
PHL	8731.861	110380800	4.315968	71.9	6.006
PHL	8094.693	113880336		69.3	5.9036
PHL	6917.749	101325208		71.2	5.073
PHL	7773.2603	112190984		72.1	5.8802
PHL	8001.7563	106738496	7.746033	71.5	5.5241
PHL	8365.732	108568832	5.204993	71.7	5.6314
PHL	6298.16	98032320	8.654289	70.9	
PHL	7235.0815	103031360		71.3	5.279
PHL	7616.05	104875272	10.636445	71.4	5.43
ECU	11908.216	16195904	6.4831214	76.8	5.976
ECU	11608.419	17015672	5.841674	77.1	6.0276
ECU	11424.152	15483884	12.412907	76.1	
ECU	10356.975	17588596	7.800509	72.2	5.764
ECU	10668.758	17797736	14.024255	73.7	5.5333
ECU	11679.431	16696947	5.8094463	77	5.9732
ECU	12073.811	15957995	8.209052	76.6	5.975
ECU	11390.217	17343742	6.843968	77.3	5.9252
ECU	11806.924	15722988	10.971196	76.4	
ECU	11587.825	16439588	5.8334804	76.8	6.008
ECU	10988.722	15237734	15.376308	75.7	5.424841
NIC	4805.4023	5942554	12.418905	72.4	5.114866
NIC	5638.748	6850546	11.006432	73.8	6.1646
NIC	5214.529	6119377	9.706867	72.7	
NIC	5385.4985	6208680	8.45591	72.8	5.828
NIC	5915.3755	6480534	6.650689	73.6	6.141
NIC	5181.727	6755900		71.8	5.9721
NIC	5042.803	6030605	11.159739	72.6	
NIC	5348.9873	6663919	7.7281795	74.1	6.1371
NIC	5636.6396	6572234	10.376991	73.8	6.105
NIC	5734.355	6389237	7.0900507	73.3	6.071
NIC	5563.004	6298610	8.319312	73	5.992
NER	1143.8607	20921748		61.6	4.028
NER	1186.5768	25252722		61.6	5.0035
NER	1214.5465	24333644		61.5	5.0741
NER	1155.9735	21737924		62.2	4.1655
NER	1075.146	17954410	4.3888946	59.6	
NER	1124.41	20128132		61.1	3.856
NER	1010.32697	17283118	4.8081617	59	4.121817
NER	1089.8732	18653204		60.2	
NER	1193.2656	22577060		62.5	4.6275
NER	1217.446	23443400		62.9	4.9096
NER	1119.1372	19372012		60.8	3.845
MMR	4109.5576	51892352	2.5803418	65.7	4.545
MMR	4829.5366	53040212	2.863865	66.6	4.308
MMR	4947.0938	53423200	2.94067	66.8	4.4258
MMR	4556.2812	52666016	2.7569962	66.5	4.3604
MMR	4032.6257	53798088	28.437815	65.7	4.3942
MMR	3187.115	50218196	2.8595219	64.1	
MMR	3018.4617	49794528	2.118707	63.9	5.321977
MMR	3409.649	50648336	2.4443054	64.8	
MMR	3658.5935	51072436	2.408344	65.1	4.307
MMR	3748.2942	51483956	2.5289435	65.6	4.395
MMR	4312.9473	52288344	2.6621614	65.8	4.3078
SAU	45840.84	35018132	0.6396686	77.2	6.3747
SAU	42891.688	35997108		76.2	6.494
SAU	44053.996	30150952		76.2	6.597326
SAU	46394.902	32125570		76.8	6.411
SAU	47210.23	33416272		77.1	6.344
SAU	45795.51	34193120		77.2	6.3709
SAU	44954.992	35827364	0.7954814	77.3	6.4065
SAU	45674.324	31482502		76.6	
SAU	45427.574	30821554		76.5	
SAU	47379.355	32749838		76.9	6.379
SAU	44339.312	35950396		76.9	6.5228
SVK	26650.363	5414744	1.4405127	76.5	
SVK	30061.55	5439418	1.470746	77.2	6.1734
SVK	29248.885	5431205	1.1047275	77.2	6.098
SVK	31973.46	5453932	1.3934921	77.7	6.2806
SVK	26511.27	5409283	1.3865052	76.2	
SVK	31866.025	5447621	1.0096148	74.9	6.3907
SVK	27342.627	5419572	1.328519	76.8	5.995
SVK	28728.156	5424449	0.8848832	76.6	6.078
SVK	31229.863	5446746	1.2300924	77.3	6.1976
SVK	26210.758	5402686	1.7768961	76	5.656836
SVK	30867.973	5456681	1.154548	77	6.3309
LBY	19108.943	6192241		71.7	5.615
LBY	16924.15	6653946		72.5	5.4103
LBY	32214.906	5869880		72.2	
LBY	22535.445	6569085		72.5	5.4888
LBY	24212.91	6378267		72.5	5.5657
LBY	19569.9	6097767		71.5	5.754
LBY	25907.758	5985228		72.3	
LBY	21965.174	6735280		71.9	5.3302
LBY	16356.362	6188135		70.1	5.177599
LBY	25734.168	6477791		72.8	5.5253
LBY	18554.48	6282202		71.8	5.525
DOM	14334.733	10282116	17.603382	72.9	4.885
DOM	16524.533	10647247	11.420795	73.1	5.3018
DOM	13555.512	10157054	19.474157	72.7	
DOM	15967.202	10527589	15.35014	73	5.23
DOM	15145.47	10405832		73	5.155
DOM	13087.949	10030885	22.610174	72.5	
DOM	18626.078	11117873	10.541584	72.6	5.7372
DOM	12905.289	9903743	25.37426	72.2	5.036006
DOM	16768.426	10999668	8.73663	72.9	5.5451
DOM	18171.06	10881886	9.428515	73.6	5.6892
DOM	17484.121	10765532	9.920551	73.2	5.4253
NZL	42218.54	4746253	0.7374241	82.2	7.3238
NZL	41642.027	5061130		82.7	7.2766
NZL	41020.312	4590591	1.0456172	82	7.334
NZL	40353.105	4514198	0.95255077	81.8	7.286
NZL	42862.07	4838528	1.5500588	82.4	7.3075
NZL	38780.605	4410285	0.92964524	81.2	
NZL	38137.492	4381274	0.89015305	80.9	7.372486
NZL	41620.348	4668088	1.0711039	82.1	7.314
NZL	39521.074	4450641	1.0335582	81.7	
NZL	42915.453	5129730		82.5	7.1998
NZL	43110.37	4959033	2.601313	82.6	7.2996
ZWE	2399.6216	15052191	4.876369	61.4	3.6632
ZWE	2313.8787	14154937		59.6	4.193
ZWE	2333.6445	13555420		57.5	
ZWE	1990.3195	15669663	4.9777703	61.1	3.1448
ZWE	2286.6235	14452705		60.3	3.875
ZWE	2331.7808	14751101		60.7	3.6923
ZWE	2033.1814	13025789		53.3	3.978434
ZWE	2203.3967	15354606	5.1450353	61.3	3.2992
ZWE	2316.9546	13855758		58.8	4.61
ZWE	2310.8071	13265331	7.395217	55.6	
ZWE	2115.1445	15993525	6.139985	59.3	2.9951
SVN	37098.12	2117648	0.51944596	80.4	6.4607
SVN	39034.234	2112905	0.662596	81.6	6.3634
SVN	33799.727	2080865	0.96114016	80.8	5.768
SVN	37995.715	2105931	0.42736584	81.4	6.1177
SVN	33568.066	2065457	0.7746485	80	5.922324
SVN	33093.75	2074923	0.7711152	80.9	5.848
SVN	32613.49	2069365	0.67653966	80.1	
SVN	32234.025	2072374	0.5790459	80.3	
SVN	40036.484	2119408	0.4246466	80.7	6.6301
SVN	36507.555	2098396	0.90545523	81.1	5.9476
SVN	34853.043	2090020	0.47846434	81.2	5.758
BLR	19751.203	9578172		72.4	5.8215
BLR	18974.7	9695573	2.3309605	74.6	5.3225
BLR	18274.021	9706983	3.842595	71.5	5.566307
BLR	18611.455	9693754	3.5074148	72.6	
BLR	19119.346	9693741	3.5074184	73.6	5.813
BLR	19279.209	9673971	2.3258288	74.2	5.5399
BLR	18362.746	9700609	3.3606138	74	5.802
BLR	17883.127	9708111	3.1623044	74.3	5.569
BLR	18356.102	9707874	2.4722195	74.5	5.4833
BLR	18805.432	9691143	3.4361296	73	
BLR	19225.574	9633745		72.5	5.5335
LUX	112998.39	518207	0.7718938	80.8	7.050853
LUX	113050.664	543068	0.18413985	81.4	
LUX	111751.31	630401	0.4758887	81.4	7.3244
LUX	114542.5	619981	0.6451894	82.1	7.2375
LUX	115683.49	639330	0.6256638	82.6	7.404
LUX	116283.7	583355	0.8571169	82.1	6.863
LUX	112137.13	530596	0	81	
LUX	113182.73	569415	0.87810576	81.8	6.871
LUX	114164.47	607920	0.49349168	81.8	7.0903
LUX	114985.84	596290	0.3354115	81.7	6.9099
LUX	113313.58	556075	0.71933454	81.7	6.946
CHE	68670.24	8638609	0.5440688	83.1	7.5715
CHE	67824.086	8187792	0.50074553	83.1	7.587
CHE	69103.57	8451688	0.5324381	83.4	7.4873
CHE	68159.22	8281735	0.6882618	82.8	7.509
CHE	70857.086	8575593	0.53640634	83.8	7.5599
CHE	66587.85	7910988	0.5814702	82.6	7.498953
CHE	67080.37	8088370	0.7047158	82.7	
CHE	68813.64	8372902	0.53744835	83.4	7.494
CHE	70558.56	8514431	0.5872381	83.6	7.4802
CHE	71032.84	8691409	0.48323596	84	7.5116
CHE	66661.49	7995738	0.5627998	82.6	
SEN	2790.8975	12875878		65.3	4.414183
SEN	3430.484	16000783		68.5	4.9808
SEN	3368.8586	15574910		68.1	4.6811
SEN	3118.4236	14751356		67.5	4.535
SEN	3383.8884	16436120		68	5.1318
SEN	2824.533	13231840		65.5	
SEN	3495.4036	16876726		67.1	5.0461
SEN	3012.3833	14356191		66.9	4.219
SEN	2910.2888	13970314		66.5	3.904
SEN	2815.2815	13595571		66.1	
SEN	3259.1926	15157793		67.8	4.6311
BRA	15271.47	198185296	26.355639	73.3	6.697499
BRA	15011.577	205188208	28.356405	74.3	6.952
BRA	14685.128	211782880	20.810465	75.3	6.3756
BRA	15425.353	199977712	28.197144	73.6	
BRA	15751.484	201721776	28.179903	73.9	
BRA	14402.494	206859584	29.589155	74.4	6.635
BRA	14021.958	213196304	22.384066	74	6.3301
BRA	14619.591	210166592	26.636013	75.1	6.2998
BRA	15695.644	203459648	29.358646	74.3	6.983
BRA	14592.353	214326224		72.8	6.2928
BRA	14477.861	208504960	30.593037	74.8	6.4189
HUN	29501.121	9788940	1.6344975	76	5.62
HUN	28217.354	9815106	2.0580525	76.2	5.324
HUN	27528.307	9844250	2.2449663	75.7	5.145
HUN	31231.596	9750571	0.8204647	75.7	5.9916
HUN	25005.287	9953247	1.4568114	74.9	4.942787
HUN	26481.166	9867906	1.4795446	75.8	4.8
HUN	32649.143	9771799	0.65494615	76.5	6.0004
HUN	25337.588	9894637	1.5563983	75.7	
HUN	24820.516	9922133	1.249732	75.2	
HUN	31122.502	9776361	0.87967324	76.2	5.7583
HUN	33593.152	9709784	0.7724166	74.5	6.0859
AZE	14651.694	9614478	2.2986166	70.9	
AZE	14867.943	9741879	2.4225302	71.1	5.212
AZE	14232.192	9976254	1.6940236	72	5.234
AZE	14431.661	10312992	1.9102119	69.4	5.1734
AZE	14442.041	10232761	1.6417869	73.1	5.1648
AZE	13726.77	10284952	2.236277	66.9	5.1708
AZE	14852.611	9863485	2.1392045	71.5	5.291
AZE	13913.837	9359018	2.2545109	70	4.581938
AZE	14027.469	9485577	2.129549	70.4	
AZE	14121.407	10071569	1.8070674	72.2	5.2006
AZE	14209.593	10152524	1.9404047	72.8	5.2077
BLZ	8912.105	337067	43.019176	73.2	
BLZ	9387.914	359884	33.067406	73.2	5.956
BLZ	9208.114	367327	37.57019	73.4	5.956
BLZ	9276.317	352343	34.909958	73.3	
BLZ	9028.552	389103	34.43889	73.9	
BLZ	9109.572	344695	28.721668	73.7	
BLZ	8873.754	374702	37.89764	73.6	5.9556
BLZ	8762.623	400037	31.247578	70.5	
BLZ	8798.538	382076	37.42809	73.7	
BLZ	8776.863	329546	37.628494	72.7	6.450644
BLZ	7703.118	394931	25.827984	72.9	
CHL	24197.184	17687108	2.4763799	79.5	6.67
CHL	22323.723	17173568	3.7033644	79.1	6.12797
CHL	25449.13	19493184	3.6320386	78.9	6.1718
CHL	24011.592	17509926	3.175342	79.3	
CHL	25071.99	18701452	4.4114227	80.1	6.444
CHL	23017.69	19300318	4.797849	79.4	6.1719
CHL	24464.746	17870122	2.3446956	79.7	6.705
CHL	24599.375	18083880	3.428468	80.1	6.652
CHL	24546.912	18368582	4.240938	80.4	6.4762
CHL	23467.979	17341770	2.5026278	79	
CHL	24816.611	19039484	3.9444344	80.3	6.2285
CYP	41701.703	1244193	1.2859793	81.2	6.2209
CYP	37593.93	1145090	0.7859672	80	6.416459
CYP	35749.05	1156556	1.9021984	80.1	
CYP	39471.582	1237540	1.212085	81.4	6.2235
CYP	36678.098	1197889	1.0852493	81.1	5.621
CYP	34573.973	1187286	1.263392	81	5.546
CYP	41746.918	1228840	1.2206669	81.4	6.159
CYP	33471.805	1166972	1.0283054	80.4	
CYP	33241.19	1176997	0.9345834	80.8	5.689
CYP	40099.836	1218834	1.2306874	81.4	6.0458
CYP	38421.97	1208527	0.5792194	81.3	5.7625
MOZ	1137.2848	24487614		55.6	
MOZ	1287.2349	28569448		59.8	4.4166
MOZ	1232.9856	31178242		61.2	4.7945
MOZ	1292.8977	29423882		60.5	4.4662
MOZ	1271.9619	26843252		58.2	
MOZ	1092.7732	23760424	3.573169	54.9	4.692764
MOZ	1179.67	25251738		56.5	
MOZ	1279.9205	27696500		59	4.55
MOZ	1228.6569	26038704		57.3	4.971
MOZ	1226.767	32077074		59.3	5.0483
MOZ	1285.1848	30285602		61.2	4.6236
MDA	8997.934	3507197	6.529443	69.1	
MDA	14009.226	3061509		68.8	5.8568
MDA	9814.323	3416532	6.7027063	69.1	
MDA	12367.764	3141839	5.283533	70.5	5.5285
MDA	12201.778	3084848	3.0147362	70.2	5.7664
MDA	10311.288	3338338	4.822761	69	5.889
MDA	9050.126	3595135	6.0081334	69.2	5.3054
MDA	10938.585	3225125	6.201314	69.9	5.838
MDA	11651.187	3180515	4.4332566	70.5	5.6397
MDA	13030.183	3109496	3.8913121	70.9	5.6075
MDA	10355.539	3277390	5.7667875	69.2	5.897
EGY	9757.137	91240384	2.4188852	70.1	
EGY	10783.762	103740768		71.4	4.1655
EGY	11380.847	107465128		71	4.2827
EGY	11180.697	105618672		71.4	4.1514
EGY	9999.19	97723792	1.750853	70.5	4.362
EGY	9793.955	95592328	3.0232553	70.4	4.194
EGY	10435.917	101789384	1.3360921	71.3	4.4192
EGY	9742.144	93377896		70.1	
EGY	10218.394	99784032	1.5353159	70.8	4.735
EGY	9762.974	89200056	3.0302672	69.9	4.8534
EGY	11566.05	109262184		70.2	4.2877
CHN	14243.532	1410275968	0.5665558	77.2	5.2458
CHN	10370.727	1366560768	0.82586884	76.2	
CHN	15133.996	1417069440	0.53102547	77.7	5.1909
CHN	15977.764	1421864064	0.5189666	78	5.1239
CHN	12612.352	1393715456	0.66010606	77	5.245
CHN	9680.098	1357095424	0.8853467	75.9	4.679718
CHN	11101.938	1376100352	0.77319944	76.5	
CHN	16296.779	1424929792	0.50227034	78.1	5.3391
CHN	13399.138	1401889664	0.615883	77.2	5.273
CHN	11851.404	1385189632	0.72791475	76.7	5.14
CHN	17602.695	1425893504		78.2	5.5853
SGP	87616.64	5570505	0.25132388	82.7	6.798
SGP	89160.73	5650020	0.24778682	82.8	6.739
SGP	85400.73	5478063	0.31032914	82.5	
SGP	81258.086	5281351	0.30295318	82	6.549302
SGP	106032.23	5941063	0.10099207	82.8	6.4802
SGP	98283.31	5866408	0.20455457	83.8	6.3771
SGP	82805.62	5381003	0.2044228	82.2	
SGP	98336.95	5814543	0.15478449	83.5	6.262
SGP	94505.63	5909874	0.16920847	82.9	6.3765
SGP	95310.336	5764489	0.19082357	83.2	6.3432
SGP	91146.09	5711936	0.31512976	83	6.572
TCD	1579.7606	15085893		52.3	4.3006
TCD	1861.6929	13697128		51.2	3.667
TCD	1804.8231	13216769		50.8	
TCD	1683.4781	14592587		52.1	3.936
TCD	1489.1868	16644707		52.8	4.3554
TCD	1682.6577	12317729		50	3.919401
TCD	1563.544	15604213		52.8	4.3495
TCD	1853.2594	14140277		51.6	3.763
TCD	1425.4945	17179744		52.5	4.2508
TCD	1561.9967	16126868		53.3	4.4227
TCD	1769.325	12754912		50.5	
AGO	5908.57	34503776		61.6	
AGO	7967.104	28127724	4.4582353	60.7	3.866
AGO	6602.424	32353592		62.4	
AGO	7664.44	24259120	4.3488812	57.6	4.17838
AGO	8012.101	25188298	4.8316097	58.6	
AGO	7488.1387	29154742	4.102248	61.1	3.795
AGO	6032.275	33428490		62.3	
AGO	8183.678	27128340		60	4.033
AGO	8100.3853	26147012		59.3	
AGO	7216.0615	30208634		61.7	3.7948
AGO	6878.5933	31273538		62.1	
MDG	1557.3225	26846544		65.3	3.9327
MDG	1493.4425	22348158		63.5	4.309328
MDG	1585.4717	27533134		65.9	4.1656
MDG	1528.5618	25501944		65	3.644
MDG	1463.6288	28915652		64.5	4.3391
MDG	1548.1564	26169540		65.1	3.7736
MDG	1436.2069	28225182		65.2	4.2085
MDG	1497.0095	22966242		63.5	
MDG	1491.0741	23588078		64	
MDG	1508.3744	24850912		64.3	3.695
MDG	1500.9106	24215980		64.3	3.681
ROU	21446.771	20220286	1.0138334	74.4	5.178499
ROU	22098.33	20066550	1.0863853	75	
ROU	21957.15	20137112	1.0527822	74.4	
ROU	30006.336	19524212	1.2497303	76.5	6.1237
ROU	23095.28	19995836	1.6253384	74.9	5.124
ROU	24763.135	19797820	1.5456247	75.2	5.825
ROU	28741.227	19606778	1.275069	76.2	6.0697
ROU	30776.93	19328558	1.2623806	74.2	6.477
ROU	26948.158	19698852	1.2944916	76	5.9452
ROU	23937.46	19906078	1.7029973	74.8	5.528
ROU	29062.473	19442040	1.4453217	75.3	6.14
GRC	28322.572	10963633	1.5140965	80.3	
GRC	28129.96	10862972	0.9849978	81	4.857
GRC	29141.174	10633275	0.93104	81.4	5.2867
GRC	28260.387	10806644	0.86058193	80.7	5.033
GRC	27103.541	10512232	0.7419928	80.9	5.7226
GRC	28604.861	10692230	0.8043225	80.9	5.3579
GRC	29721.586	10574026	0.7376567	81.2	5.515
GRC	28239.92	10749742	0.7814141	81.2	5.227
GRC	27810.912	10914501	1.4018042	81	
GRC	29548.04	10445368	0.85205257	80.1	5.9482
GRC	30318.404	11004730	1.6720091	80.5	6.132965
MWI	1517.7031	18867340		64.1	3.538
MWI	1437.0417	17405624		62.2	3.97
MWI	1478.4248	18367886		63.3	3.4098
MWI	1401.66	16024775		59.7	
MWI	1440.8076	16477972		60.9	4.292
MWI	1454.7775	17881172		63	3.5868
MWI	1491.1339	19889742		62.9	3.7504
MWI	1383.5809	15146095	2.2646103	57.5	4.623671
MWI	1440.8423	16938944		61.4	4.156
MWI	1370.3029	15581250	1.7906137	58.7	
MWI	1489.6014	19377058		63.7	3.6
TTO	25306.617	1519960	35.461575	74.2	6.1919
TTO	26213.924	1478616	33.477455	74.2	6.1919
TTO	29876.98	1460180	28.763645	74.5	6.168
TTO	27062.385	1420021	24.788383	73.3	6.262625
TTO	23391.316	1518142	26.28204	74.4	
TTO	25534.84	1504707	34.358803	73.8	6.1919
TTO	28642.336	1430379	26.566431	73.7	
TTO	27682.445	1469334	31.510971	74.3	6.168
TTO	23037.143	1525671	29.364283	73	
TTO	29529.576	1440731	28.249578	74	
TTO	30301.936	1450663	27.918308	74.2	6.168
GAB	14368	1836711		64.6	
GAB	14785.398	1966858		65	3.896
GAB	14892.036	2028524		65.5	4.121
GAB	14145.65	1772508		64	
GAB	13903.289	2292583		66.5	4.8518
GAB	13813.723	2341185		65.8	4.9583
GAB	14478.13	2140225		66.2	4.7583
GAB	14478.002	2242788		66.6	4.8293
GAB	14783.078	2086210		65.8	4.465
GAB	14254.462	2192013		66.3	4.7992
GAB	14655.365	1902230		64.8	
MUS	18566.03	1288753	2.1726573	74.4	
MUS	20224.223	1297830	2.6968145	74.3	6.049
MUS	19147.676	1290698	2.7117248	74.7	
MUS	23681.58	1296284	2.082885	75.1	6.1013
MUS	20967.947	1298922	2.6175704	73.6	6.0711
MUS	17988.684	1286239	2.4878802	74.2	5.477073
MUS	21328.688	1293909	1.6229864	75	5.629
MUS	19844.488	1292112	1.4704591	74.9	5.477
MUS	20549.629	1293159	1.6239377	75	5.648
MUS	23023.5	1295386	2.8563013	74.9	5.8882
MUS	22148.625	1294743	2.5487733	74.9	5.8915
BTN	9349.044	736362		70	5.253
BTN	11233.78	762104	1.1809528	71.1	5.0821
BTN	9877.247	743284	1.6144786	70.3	5.196
BTN	10907.856	777500		71.8	
BTN	11797.284	767467	1.042401	71.4	
BTN	10986.888	756130	1.7193004	70.8	5.0821
BTN	10547.052	772512	2.4595277	71.6	
BTN	8499.3545	713338	4.485999	68.9	
BTN	8837.576	721154	4.576053	69.3	
BTN	10587.57	749764	1.2003818	70.6	5.011
BTN	8929.046	728898	3.2926848	69.7	
ISL	54665.766	335677	0.29790765	82	7.504
ISL	56923.17	360787	0.27718145	82.4	7.5045
ISL	52142.934	331068	0.9061815	82.4	7.501
ISL	52174.574	366682	1.3636277	82.6	7.5539
ISL	48186.168	319308	0.93957585	82.2	6.888284
ISL	50450.742	327650	0.3052098	82.6	7.561
ISL	48440.254	320988	0.3115464	82.6	
ISL	56816.363	352951	0.8499884	82.8	7.4936
ISL	50168.688	324036	0.30861863	81.9	
ISL	53586.156	370338	0.5400516	82.7	7.5575
ISL	55638.492	343641	0.87302697	82.5	7.4952
RWA	1907.6816	11930902	3.2855864	65.7	3.471
RWA	2238.9573	13461891		66.1	3.2682
RWA	1934.9729	12230343	3.8429024	65.9	3.4081
RWA	1544.4098	10576932		63.3	4.203909
RWA	2067.6416	13146367	3.590347	66.8	3.4147
RWA	1735.5454	11368450	3.7648048	64.9	3.465
RWA	2050.441	12531810	2.274213	66.3	3.3338
RWA	2191.4016	12835029	3.1476364	66.4	3.3123
RWA	1674.0609	11101352	3.2338412	64.4	
RWA	1844.7169	11642963	2.5165424	65.3	3.515
RWA	1637.1008	10840331	2.3615508	64	
OWID_CYN					5.771
OWID_CYN					5.5355
OWID_CYN					5.695
OWID_CYN					5.4666
OWID_CYN					5.81
OWID_CYN					5.8348
OWID_CYN					5.5355
OWID_CYN					5.7177
TZA	2064.7107	46416032	8.938722	61	3.800163
TZA	2380.9314	54401804	6.3214817	65.4	3.349
TZA	2095.8745	47786136	8.563153	62	
TZA	2171.4421	49253648	7.506044	63	
TZA	2551.2063	61704520	3.704753	66.4	3.6232
TZA	2510.9663	58090444	4.706454	66.5	3.2307
TZA	2577.6658	59872584	4.541311	67	3.4762
TZA	2306.6382	52542824	7.1294227	64.7	3.666
TZA	2581.6997	63588332		66.2	3.7024
TZA	2458.3428	56267040	5.592973	66	3.3035
TZA	2246.5608	50814552		63.9	3.781
PAK	5232.1426	231402112	3.9787881	66.1	4.5158
PAK	5004.352	227196736	3.7368493	66.3	4.934
PAK	4746.718	213524848	3.9882948	65.9	5.269
PAK	4403.673	208251632	6.37498	65.3	5.194
PAK	4552.6055	210969296	4.496389	65.7	5.132
PAK	4891.7197	216379648	3.8058107	66.3	5.4725
PAK	5113.434	219731488	3.7504869	66.5	5.653
PAK	4150.3257	202205856	6.847477	64.8	
PAK	4266.7114	205337552	6.78736	65.1	
PAK	4082.4495	198602736	6.978756	64.6	5.1487
PAK	5157.5464	223293280	3.6512518	66.8	5.6933
NOR	61157.13	4953565	2.2408123	81.2	7.524001
NOR	61990.69	5019058	0.53794974	81.4	
NOR	65662.17	5403021	0.5367368	83.2	7.3651
NOR	62390.13	5137926	0.56443036	82.1	7.522
NOR	63104.082	5236591	0.51560277	82.4	7.537
NOR	64385.008	5348285	0.5235329	83	7.488
NOR	62987.516	5190357	0.462396	82.3	7.498
NOR	61878.977	5080667	0.90539265	81.7	
NOR	64050.758	5277396	0.530565	82.6	7.5937
NOR	64341.258	5312321	0.47060418	82.8	7.5539
NOR	63548	5379836	0.5762254	83.2	7.3925
ISR	39121.297	8309256	1.4802767	82.7	7.19
ISR	35301.82	7459750	1.9705757	81.7	7.198713
ISR	36436.383	7726675	1.6436564	82.1	
ISR	37144.48	7863849	1.3733737	82.2	7.278
ISR	38251.297	8159015	1.2746646	82.5	7.213
ISR	40810.055	8607922	1.5334716	82.8	7.1286
ISR	39936.77	8456487	1.3717287	82.8	7.1387
ISR	37321.016	8007777	1.3736645	82.1	7.267
ISR	39351.895	8757487	1.4273497	82.4	7.1571
ISR	35552.85	7592099	1.6859617	81.7	
ISR	42061.242	8900057	1.9438074	82.3	7.3638
KAZ	21970.084	16864920	8.419846	68.7	5.594488
KAZ	24355.756	17592296	5.1386127	70.3	5.855
KAZ	22702.578	17102868	7.402269	69.1	
KAZ	24290.418	17835908	4.782487	70.7	5.919
KAZ	24862.967	18314822	4.995956	71.4	5.7901
KAZ	23720.816	17345734	6.45692	69.8	
KAZ	26110.53	19196468		69.4	6.2341
KAZ	26351.805	18754260		71.6	6.0579
KAZ	25544.346	18538100		71.5	5.8088
KAZ	25361.508	18979250	3.192962	70	6.1518
KAZ	24210.863	18078558		70.9	5.819
BGD	4119.425	155961312	2.8943079	70	4.694
BGD	3932.7083	154030144	2.8520393	69.6	
BGD	3756.932	152090656	2.7049658	69.6	
BGD	4337.3857	157830000	2.556548	70.5	4.643
BGD	5911.013	169356240		72.4	5.1555
BGD	5124.4985	163683952	2.339875	72.6	4.4558
BGD	4830.776	161793968	2.1935306	71.8	4.5004
BGD	4589.0938	159784576	2.247401	71.1	4.608
BGD	5591.374	167420944		72	5.0246
BGD	5467.208	165516224		72.8	4.8328
BGD	3571.0586	150211008	2.640286	68.8	4.807098
PAN	26576.863	3821557	17.348953	77	
PAN	29037.945	4351264	12.639997	76.2	6.3091
PAN	30526.379	4096071	9.228374	77.8	6.43
PAN	28512.926	3957102	11.90266	77.5	6.701
PAN	25302.08	3754871	16.964672	76.8	
PAN	31543.605	4232538	11.34073	77.8	6.3048
PAN	29410.635	4026338	10.058772	77.7	6.452
PAN	31125.625	4165258	9.627263	77.9	6.3213
PAN	23461.873	3688679	14.883397	76.6	6.862561
PAN	27440.566	3888795	15.531814	77.2	6.786
PAN	25510.273	4294391	11.64308	76.7	6.1796
KEN	3824.1975	42635148	5.3265915	61	4.180273
KEN	4743.4863	53005616	5.274913	61.4	4.543
KEN	4601.2114	50951452	3.0931406	62.9	4.583
KEN	3899.167	43725808	5.429288	61.1	
KEN	4498.383	51985780	3.5759778	62.7	4.6066
KEN	4464.813	49953300	3.1409333	62.7	4.5086
KEN	4312.9087	48948140	5.0379853	62.5	4.4097
KEN	4244.8574	47894668	4.933743	62.2	4.553
KEN	4055.1133	45831860	5.029252	61.8	4.419
KEN	3950.8813	44792368		61.4	
KEN	4163.925	46851496	4.825887	61.9	4.356
BEL	48154.87	10955742		80.4	7.113178
BEL	49829.926	11316837		81.3	6.891
BEL	48978.934	11561716		80.8	6.834
BEL	50442.27	11384491		81.4	6.9269
BEL	51977.184	11510569		81.8	6.8635
BEL	48210.926	11031140		80.3	
BEL	49456.4	11248306		80.9	6.929
BEL	51739.54	11611416	1.0765264	81.9	6.805
BEL	48748.62	11176727		81.1	6.937
BEL	48204.586	11103260		80.5	
BEL	51113.48	11448598		81.5	6.923
HND	5028.145	10121762	35.695362	71.5	5.9192
HND	4874.8735	8622510	82.38905	71.4	5.564011
HND	4978.074	8792370	81.570755	71.7	
HND	5447.6987	9626845	40.13777	72.7	5.504
HND	5613.6606	9958832	40.94859	72.9	5.9532
HND	5180.1865	9294510	55.38756	72.5	4.871
HND	5079.7036	9127851	64.53877	72.3	4.788
HND	5287.253	9460798	54.435158	72.6	5.181
HND	5572.177	10278346	38.245457	70.1	6.0221
HND	5020.937	8960654	71.769295	72	
HND	5561.2627	9792854	37.874573	72.8	5.8604
FIN	45952.246	5413865	1.6439292	80.5	
FIN	45072.59	5479457	1.4964975	81.4	7.413
FIN	45328.574	5438873	1.6363689	80.9	
FIN	47443.902	5529468	1.645728	81.9	7.8421
FIN	48583.434	5521539	1.466983	81.9	7.8087
FIN	48753.355	5535982		82	7.821
FIN	47570.133	5508146	1.2163817	81.5	7.6321
FIN	48048.523	5515465	1.5592532	81.6	7.7689
FIN	46825.824	5388173	2.041511	80.4	7.579009
FIN	46206.79	5495217	1.3466251	81.3	7.469
FIN	44976.777	5461436	1.6112968	81	7.406
PRT	31304.816	10564820	1.0790523	80.5	5.327314
PRT	30042.89	10464537	1.3760765	80.8	
PRT	31847.537	10332751	0.63874555	81.2	5.195
PRT	32011.324	10298186	0.7865459	81.1	5.929
PRT	31118.791	10365436	0.9647448	81.2	5.123
PRT	33674.527	10290109	0.7968822	81	6.0163
PRT	30156.701	10522085	1.1594659	80.5	
PRT	30444.6	10408379	0.88390386	81.2	5.102
PRT	34945.66	10289921	0.70943195	81.7	5.9109
PRT	33044.715	10307528	0.7373251	81.5	5.4104
PRT	34040.727	10289833	0.78718466	81.4	5.6925
BEN	3186.478	12643121		60.1	5.0452
BEN	3156.439	12290443		60.5	5.216
BEN	2792.0273	10308730		59	
BEN	2933.8374	11596786		59.9	4.1414
BEN	2849.8206	10932791		59.4	3.484
BEN	3321.5522	12996901		59.8	4.6232
BEN	2633.939	9726385		58.5	3.492997
BEN	2859.3916	11260091		59.5	3.657
BEN	3040.1675	11940688		60.1	4.8832
BEN	2681.3516	10014087		58.7	
BEN	2883.8992	10614845		59.1	3.34
GTM	7590.7554	15128307	34.075195	71.5	
GTM	7939.3745	15713744	33.429344	72	6.123
GTM	8206.048	16291004		72.4	6.454
GTM	8469.115	16850176	28.895842	72.7	6.4362
GTM	8125.656	16001105		72.1	6.324
GTM	8322.217	16578718	32.78298	72.6	6.3819
GTM	8926.7	17608484	19.990364	69.2	6.2622
GTM	7734.1177	15422663	33.42484	71.7	
GTM	8390.223	17362716	18.960165	71.8	6.4345
GTM	7503.675	14833458	38.298565	71.2	6.276682
GTM	8671.703	17106338	25.645466	73.1	6.3989
RUS	26583.797	145617328	7.3459663	71.3	5.4772
RUS	27254.574	145742288	7.68617	73.9	5.546
RUS	27960.102	145102752	6.7993197	69.4	5.4586
RUS	26332.396	143956864	11.137363	71.3	
RUS	25926.443	145452544	9.139064	73.4	5.8097
RUS	24972.078	143364544	11.282427	70.4	5.284313
RUS	25933.293	143629360	11.311754	70.8	
RUS	26057.156	144285072	11.446784	71.6	5.716
RUS	25490.709	145109152	10.93246	72.7	5.963
RUS	25488.096	144668384	11.506314	72.1	5.856
RUS	26656.41	145652288	8.214083	73.5	5.6479
SOM		12440332		53.2	
SOM	1138.2859	15981312		57.1	
SOM	889.1667	12852491		53.8	
SOM	1076.1984	14292848		55	5.151
SOM	1127.4186	16537018		56	
SOM	925.5771	13309236		54.3	
SOM		12216842		51.3	
SOM	1029.6992	13763909		54.9	5.44
SOM	1059.1439	14864224		55.7	4.9815
SOM	1136.736	17065588		55.3	
SOM	1098.4928	15411101		56.4	4.6679
IDN	10941.921	264498848		69.9	5.0926
IDN	8610.529	247099696		68.8	5.158751
IDN	11397.432	267066848		70.3	5.1924
IDN	9402.108	253275920		69.3	
IDN	9015.801	250222688		69	
IDN	9759.025	256229760		69.5	5.399
IDN	10519.295	261850176		69.8	5.262
IDN	11515.74	271857984		68.8	5.3445
IDN	10121.841	259091968		69.7	5.314
IDN	11857.789	269582880		70.5	5.2856
IDN	11858.146	273753184		67.6	5.2396
MYS	26333.156	33573872	0.72377706	74.9	5.7113
MYS	27674.402	32804024	0.94500613	75.8	5.3843
MYS	20900.322	29184140	1.8160553	74.7	5.823207
MYS	21690.457	29660216	2.0296552	74.9	
MYS	24151.26	31068834	1.6028925	75.1	6.005
MYS	25830.973	33199988	0.76204836	75.9	5.3843
MYS	23328.344	30606454	1.666315	75.1	5.77
MYS	22350.908	30134806	2.0806503	75	
MYS	26835.81	32399270	0.996936	75.6	5.3388
MYS	24859.799	31526414	1.446406	75.3	6.084
MYS	25935.143	31975812	1.1852711	75.5	6.3221
TGO	2080.5242	8243093		60.9	4.1872
TGO	1708.3873	6926634		58.1	
TGO	1645.7479	6748675		57.9	3.007487
TGO	1824.8356	7288381		58.9	2.839
TGO	2124.8042	8644829		61.6	4.1123
TGO	1881.9052	7473232		59.4	3.303
TGO	1766.9951	7106238		58.7	
TGO	1937.7426	7661361		59.6	3.495
TGO	2020.9656	8046680		60.2	4.0849
TGO	2066.9707	8442583		61	4.1068
TGO	1972.6971	7852799		60.2	3.9985
PRY	12806.097	6177954	9.987132	73.2	5.538
PRY	12616.414	6090727	9.489845	72.9	5.878
PRY	12150.972	6005656	10.057193	72.8	
PRY	11613.169	5843938	11.242418	72.1	5.398257
PRY	13687.655	6703802	7.8313804	70.3	5.5783
PRY	13848.499	6443337	7.713405	73.6	5.7427
PRY	11376.407	5923327	10.95669	72.5	
PRY	13163.74	6266623	10.675619	73.5	5.493
PRY	13317.321	6618700	7.2672935	73.2	5.6526
PRY	13604.175	6355406	8.512441	73.6	5.6806
PRY	13609.723	6530029	8.483886	73.6	5.6921
CRI	18044.945	4791541	8.577627	79.4	
CRI	20503.277	5040738	11.605453	79.5	7.1674
CRI	18480.652	4844293	9.846647	78.8	7.226
CRI	20818.062	5084527	11.0728	79.4	7.1214
CRI	21199.281	5153959	11.40871	77	6.582
CRI	19824.348	5123107	11.126065	79.3	7.0694
CRI	18956.191	4895241	11.378396	79.1	7.087
CRI	20168.22	4993849	12.074873	79.4	7.0717
CRI	19553.6	4945205	11.688089	79.5	7.079
CRI	17809.941	4736593	8.592673	79.3	
CRI	17186.45	4679927	10.128365	79.3	7.251115
CAF	764.0515	4802437		50.9	
CAF	818.396	4904182		53.5	2.693
CAF	854.64746	5094795		54.4	3.083
CAF	765.2596	4798739		50.6	3.678
CAF	1208.5157	4773306		50.7	
CAF	847.765	5343024		54.6	
CAF	1160.4148	4732037		49.9	3.567892
CAF	795.03705	4819341		52.8	
CAF	837.5047	5457165		53.9	
CAF	839.60004	4996741		53.7	3.083
CAF	861.7668	5209329		55	3.4759
SSD		10395332		55.9	2.8526
SSD		10748278		55	
SSD		10243057		54.9	
SSD		11106037		55.8	
SSD		10658230		55.3	3.2542
SSD		11066116		55.5	3.591
SSD		11213286		55	
SSD		10447677		55.9	2.8166
SSD		10606224		55.5	
SSD		11194300		55.6	3.832
SSD		10701605	14.053967	55.9	
YEM		30034386		66	3.3549
YEM		26223390	6.1624374	67.3	
YEM		27753310		67.4	4.077
YEM		32981644		63.8	4.1969
YEM		30790514		64.6	3.3798
YEM		29274010		66.1	3.593
YEM		28516552		65.9	3.724
YEM		32284044		64.7	3.6579
YEM		26984008	6.3111467	67.5	
YEM		25475608	5.3973193	67.4	4.453632
YEM		31546694		65.1	3.5274
BIH	11484.3545	3617564	1.2715758	76.3	
BIH	14634.738	3360718	1.2497354	77.2	5.6741
BIH	12292.545	3524328	1.6173314	76.2	5.163
BIH	14066.845	3400132	1.1470153	77.1	5.3865
BIH	11047.185	3674376	1.7145778	77.2	
BIH	15666.54	3270948	0.9783111	75.3	5.768
BIH	14358.987	3318410	1.2958022	76.2	5.8131
BIH	13402.434	3440025	1.2209207	76.9	5.1294
BIH	11768.1045	3571070	1.4001416	75.7	4.949
BIH	10934.089	3743143	1.362492	77	4.857435
BIH	12837.599	3480985	1.2927371	76.8	5.182
ESP	39528.926	46584168	0.65902215	83	6.3099
ESP	38476.79	46473320	0.6326211	83	6.403
ESP	40760.31	47131372	0.7022923	83.5	6.4009
ESP	35964.46	46464548	0.6951536	82.9	6.329
ESP	40255.254	46792044	0.61762637	83.1	6.3541
ESP	37913.074	47486932	0.6106943	83	6.4763
ESP	35749.51	46756084	0.77850837	82.2	
ESP	37373.95	46431344	0.65042275	82.6	6.361
ESP	36863.492	46729232	0.8238954	82.2	6.761248
ESP	35967.89	47363808	0.6291724	82.3	6.4907
ESP	35363.51	46603460	0.64802057	82.7	
LVA	31038.68	1916552	3.391501	75.5	5.95
LVA	23970.453	2053635	3.4085884	73.7	
LVA	22117.406	2076974		73.7	4.76201
LVA	26628.355	1991951	3.3635306	74.7	5.56
LVA	27509.336	1973477	3.496369	74.8	5.85
LVA	25423.488	2011040	3.1824346	74.4	5.098
LVA	24715.066	2031491	2.461252	74.2	
LVA	30051.402	1935632	4.339671	75	5.9397
LVA	32081.455	1873926	3.0417538	73.6	6.1804
LVA	28673.562	1954861	4.143514	74.8	5.9331
LVA	30568.502	1897057	3.6899357	75.5	6.032
JOR	9223.147	11148288	1.0225796	74.3	4.1521
JOR	9584.507	10459864	0.8986731	75.8	4.9057
JOR	9912.713	9494250	1.5904369	75	5.303
JOR	12001.99	7211866	2.2324328	74.4	
JOR	11542.293	7694818	1.8713902	74.6	
JOR	9629.103	10215384	1.3019582	75.5	5.1607
JOR	11885.238	7109980	1.9831281	74.2	5.706185
JOR	10605.35	8658030	1.9634961	74.8	5.192
JOR	9633.101	9964659	1.3146466	75.2	5.336
JOR	9551.165	10698682	1.1403272	76	4.6334
JOR	9203.376	10928723	0.98822176	75.2	4.3946
MLI	2060.0986	18112910		58.4	4.073
MLI	2120.6233	21904990		58.9	4.479
MLI	2002.3729	17551824		57.9	3.995
MLI	1930.135	17004038		57.4	
MLI	2219.0466	20567430		59.7	4.7293
MLI	2017.1442	16039734		56.8	3.966874
MLI	2112.187	18700108		58.7	4.19
MLI	2123.8281	21224042		58.6	4.7235
MLI	2185.5757	19934304		59.4	4.3904
MLI	1942.7395	16514689		57.1	
MLI	2153.8457	19311356		59.1	4.447
BGR	23270.225	7052536	1.1768823	75.1	5.1015
BGR	22483.598	6979181	0.9886556	73.6	5.2655
BGR	18664.834	7543128	1.6969084	74.2	3.889474
BGR	19206.262	7372142	1.5192329	74.5	4.218
BGR	19991.818	7309255	1.7238423	74.6	4.217
BGR	18914.525	7431169	1.4667951	74.8	
BGR	22210.123	7117424	1.2926013	74.9	5.011
BGR	20744.523	7245982	1.0902605	74.8	4.714
BGR	18914.984	7488347	1.8829263	74.4	
BGR	24398.13	6885864	1.2779799	71.8	5.3709
BGR	21473.805	7182430	1.4340553	74.8	4.9331
EST	31038.805	1314658	3.4229474	77.7	5.517
EST	28997.322	1322682	4.7630496	76.5	
EST	33821.934	1317550	2.2010574	78	5.7392
EST	29525.12	1317985	3.9454272	77.1	
EST	30494.096	1314531	3.118995	77.1	5.429
EST	27990.137	1327435	4.8966837	76.5	5.329978
EST	35883.266	1329449	3.1592155	78.3	6.1888
EST	36153.434	1327039	1.9592499	78.7	6.0218
EST	32008.934	1315928	2.5077407	77.8	5.611
EST	38717.695	1328704	1.9567984	77.1	6.3408
EST	34979.867	1322146	2.1177669	78.1	5.8935
LAO	7763.9487	7319397		68.5	5.03
LAO	7211.2593	6997925		67.4	4.6231
LAO	7546.3345	7105008		67.6	4.7963
LAO	7846.975	7425055		68.1	5.1403
LAO	6499.0728	6787420		66.7	4.876
LAO	6850.581	6891366		67.2	
LAO	5789.2754	6600736		65.7	
LAO	7840.0713	7212058		68.1	4.8886
LAO	5434.8345	6508806		65.4	
LAO	5103.549	6416331		64.7	5.161074
LAO	6145.497	6691467		66.4	4.876
MNE	18262.236	629058	2.861469	76.3	5.5805
MNE	16805.408	633053	2.6854098	76.3	
MNE	18266.879	633969	2.6815298	76.8	5.161
MNE	20602.5	627856	2.3890734	76.3	5.5468
MNE	20690.285	631459	2.2171035	77.2	5.5229
MNE	17677.787	634301	3.1531096	76.7	5.192
MNE	17290.512	631801	3.3238997	76.1	5.146845
MNE	17384.854	633951	1.5774226	76.6	
MNE	18801.268	633264	4.4215403	76.7	5.237
MNE	19685.809	632445	2.371774	76.9	5.3475
MNE	21537.809	630403	3.6485002	77	5.5461
GEO	15486.659	3757984		71.7	4.9732
GEO	11295.754	3804358		72.4	
GEO	14989.258	3770814	2.0420012	73.5	4.6726
GEO	12963.744	3771112	1.0341783	73.6	4.286
GEO	10541.472	3821667		72.4	3.892324
GEO	11740.089	3786025		72.6	
GEO	13589.707	3771904	2.4125772	73.6	4.3405
GEO	13966.326	3765912		72.8	4.8914
GEO	12605.14	3771135		73.3	4.252
GEO	12254.6455	3774232		73.1	4.297
GEO	14253.409	3772323	2.3592877	73.3	4.5191
CAN	48317.176	36554344	1.8192091	82	7.3285
CAN	45822.598	34323536	1.774293	81.5	7.499089
CAN	49171.51	37522584	1.8362274	82.4	7.2321
CAN	46126.516	34691876	1.582503	81.7	
CAN	46704.76	35063696	1.4516441	81.8	
CAN	48962.48	37035260	1.7874861	82.1	7.2781
CAN	47457.586	36113532	1.7057317	82	7.316
CAN	47522.14	35732120	1.7099458	81.9	7.404
CAN	47564.61	35404616	1.4828578	81.9	7.427
CAN	46064.254	37888704	2.0032356	82	7.1033
CAN	47892.945	38155012	2.0652595	82.7	7.0251
OWID_SML					5.057
OWID_SML					5.057
OWID_SML					4.690952
ZAF	13844.276	56422272	33.703003	64.7	4.829
ZAF	13864.971	53145036	30.507084	61.8	
ZAF	14017.411	53873608	31.598028	62.5	
ZAF	13990.314	57339632	36.66225	65.7	4.7222
ZAF	13852.206	58087060	36.71214	66.2	4.8141
ZAF	13721.686	52443320	29.658684	60.7	5.10052
ZAF	13311.926	59392256	41.865726	62.3	5.1939
ZAF	13887.211	55876504	33.41834	63.9	4.459
ZAF	12815.909	58801928	33.964874	65.3	4.9564
ZAF	13950.453	56641208	35.903187	65.4	4.724
ZAF	13993.2705	54729556	32.5327	63.4	4.642
MNG	11666.779	3294340	6.2228036	72.1	5.6772
MNG	8685.78	2743946	9.694098	67.4	4.562082
MNG	10504.814	2845160	7.3106775	68.6	
MNG	11431.498	3096033	6.169192	70.2	5.1246
MNG	11668.431	3347782	6.153327	71	5.7607
MNG	11107.989	2902826	7.337686	69	4.874
MNG	11134.802	2964756	7.21815	69.5	4.907
MNG	12458.019	3232435	6.341979	71.8	5.4562
MNG	11058.95	3029559	6.0735	69.9	4.955
MNG	12052.294	3163994	6.194708	71.2	5.2854
MNG	9586.715	2792354	7.1266165	68.1	
PER	11773.944	30353956	6.8393073	75.3	5.824
PER	12442.746	31605488	7.868887	75.9	5.6632
PER	12696.236	32203946	7.613974	76	5.6971
PER	11176.919	33304768	5.7138987	73.7	5.8396
PER	11084.874	29749592	6.615217	74.5	
PER	12015.1875	30711864	7.316391	75.6	5.743
PER	12735.168	32824864	7.2658343	76.2	5.7968
PER	12321.318	31132776	7.8213387	75.8	5.715
PER	10539.982	29477722	5.4854984	74.1	5.25838
PER	12514.651	33715464		72.4	5.5591
PER	11620.645	30038810	6.701331	75	
TKM		6341850		69.3	5.4743
TKM	11071.518	5560099	1.5107657	68.7	
TKM	10233.4	5458688	1.4472358	68.7	
TKM		6250442		68.7	5.0664
TKM	14321.14	6065072		68.8	5.2467
TKM	9379.144	5360813	1.8653892	68.6	6.567713
TKM	14992.604	6158424		69	5.1191
TKM	12540.284	5766427	1.0925301	68.8	5.658
TKM	13086.014	5868568		68.8	5.822
TKM	11989.653	5663159	1.571563	68.6	5.548
TKM	13703.513	5968388		68.9	5.6362
KGZ	4334.6606	5552339		68.6	4.828298
KGZ	4726.197	6424880		69.6	5.7436
KGZ	4722.086	5814426		69.9	5.286
KGZ	5133.152	6223503		70.7	5.2607
KGZ	4814.9565	6527742		70	5.8285
KGZ	5046.6914	6121266		70.6	5.1308
KGZ	4805.141	5914985		70	5.185
KGZ	4631.4033	5719561		69.2	
KGZ	4912.3823	6018303		70.3	5.004
KGZ	4259.3184	5631955		69	
KGZ	5258.3667	6323643		71.2	5.5415
URY	21828.64	3429087	9.856853	78.4	6.4314
URY	21839.408	3381187	7.689622	77.2	
URY	23106.998	3422205	8.269533	77.6	6.3788
URY	20275.441	3361631	5.919734	77	5.898252
URY	22477.06	3391660	7.901732	77.4	6.485
URY	23256.598	3428412	11.492213	77.5	6.4401
URY	23184.625	3427044	12.284647	77.6	6.2933
URY	22793.07	3413768	7.8212743	77.6	6.454
URY	22486.428	3402820	8.610512	77.5	6.545
URY	22800.69	3426265	8.901836	75.4	6.4736
URY	20933.69	3371134	7.920187	77.1	
UGA	2013.5464	34273296	11.863464	58.8	
UGA	2137.2073	38748308	11.566959	61.6	4.081
UGA	2250.015	42949076	10.985102	63	4.432
UGA	2108.8604	37477356		61.1	3.739
UGA	2067.7954	36336544	12.309923	60.4	3.931
UGA	1996.0656	33295738	11.271713	58	4.313321
UGA	2128.397	40127096	11.80001	62.1	4.1608
UGA	2186.9072	41515400	10.832127	62.7	4.1894
UGA	2026.6228	35273568	10.934532	59.8	
UGA	2240.4902	44404608	10.044002	62.9	4.6365
UGA	2246.414	45853780	8.531467	62.7	4.6026
VNM	10450.622	96648680		75.4	5.4108
VNM	6658.667	88349104	1.5370839	73.7	5.425293
VNM	7257.7295	90267736		73.8	
VNM	7641.909	91235504		73.9	5.36
VNM	9050.688	94033048		74	5.1032
VNM	10252.005	95776712		74.1	5.3535
VNM	6950.2876	89301328		73.7	
VNM	9636.013	94914328		74	5.1753
VNM	8091.0903	92191400		73.9	5.061
VNM	10628.219	97468024		73.6	5.485
VNM	8545.702	93126528		73.9	5.074
DNK	56178.773	5766689	1.005777	81	7.6001
DNK	55356.68	5737286	1.2375193	81.1	7.5553
DNK	55518.598	5825638	0.9441021	81.5	7.6195
DNK	54185.008	5706856	0.9812757	80.9	7.522
DNK	56813.965	5795879	1.1387403	81.4	7.6456
DNK	51293.207	5576016	0.8249618	79.8	7.85574
DNK	51479.266	5625393	0.853275	80.3	
DNK	57962.652	5854246	0.80283684	81.4	7.6362
DNK	52048.336	5650654	1.3095833	80.6	7.527
DNK	52892.645	5677795	1.0919731	80.7	7.526
DNK	51216.31	5600955	0.83914196	80.1	
MLT	40740.97	515364	1.3582791	83.4	6.602
MLT	32930.297	423577	0.7082638	81.1	5.959978
MLT	44615.605	491590	1.6273856	83.3	6.7256
MLT	40319.73	467717	1.06905	83.1	6.527
MLT	44658.72	526751	0.3796882	83.8	6.4469
MLT	37285.24	446449	1.3439626	82.7	6.302
MLT	45433.918	503646	0.9927835	83.2	6.7728
MLT	39903.938	456585	0.8760815	83	6.488
MLT	33979.656	429912	2.7913015	81.4	
MLT	43516.55	479507	1.6684151	83.6	6.6266
MLT	35339.695	437531	1.5999086	82	
UZB	5185.6846	29057456		69.6	5.224832
UZB	6663.9497	31453576	2.4067216	70.8	5.971
UZB	6840.71	31945680	1.8500153	71	6.0961
UZB	6075.1924	30446542		70.2	6.003
UZB	6401.115	30949416	1.6349257	70.5	5.987
UZB	5472.8335	29503058		69.9	
UZB	7734.8325	34081452	1.4054567	70.9	6.0627
UZB	5781.1567	29963220		70	
UZB	7344.22	33526662	1.3392328	70.3	6.1788
UZB	7082.9253	32449578	1.4607278	71.1	6.1741
UZB	7348.147	32976946	1.2008388	71.3	6.2576
LTU	37166.41	2820269	3.5812218	75.1	6.2554
LTU	28589.027	3028191	6.5385604	74.3	
LTU	29855.832	2994928	5.3089767	74.8	5.833
LTU	37184.453	2849083	3.299307	76.2	6.2155
LTU	39305.613	2786652	2.5837471	73.7	6.4456
LTU	25968.584	3099800	6.806896	73.9	5.588069
LTU	31925.803	2933676	5.2153044	74.9	5.902
LTU	33761.87	2904452	3.4429927	75.4	5.9519
LTU	30748.197	2963764	5.80343	74.6	5.813
LTU	35446.707	2876128	3.1987455	75.7	6.149
LTU	27330.896	3063340	6.5941076	74.2	
SWE	53613.42	10467095	1.0795734	83	7.3843
SWE	49258.996	9747507	0.89253575	82.2	7.364
SWE	51947.953	10058191	1.1234626	82.4	7.3145
SWE	52850.57	10267922	1.0810367	83.1	7.3535
SWE	48462.16	9648935	0.9016542	81.9	
SWE	48300.844	9555984	0.71159583	81.7	
SWE	51334.434	9953322	1.0649716	82.3	7.284
SWE	51331.28	10368968	1.1958759	82.4	7.3627
SWE	48947.438	9467384	0.85556865	81.8	7.379463
SWE	50928.965	9849344	1.1371311	82.2	7.291
SWE	52349.293	10162300	1.0627518	82.5	7.3433
HTI	3141.0469	10563762	10.138438	63.2	4.028
HTI	3153.1763	10713845	9.595058	63.4	3.603
HTI	3187.7898	10863546		63.9	3.582
HTI	3015.8586	10108541	10.219083	62.3	
HTI	3197.1414	11012427	6.746927	64	3.5969
HTI	2959.0894	11306804	11.32062	64.1	3.6149
HTI	3106.9849	10412741	9.411548	63	4.518
HTI	2870.145	11447575	13.007129	63.2	
HTI	3099.4773	10261205	10.125515	62.6	
HTI	3047.2747	9954318	9.181951	61.6	3.788652
HTI	3101.5942	11160441		64.3	3.7208
GIN	2217.1094	11930991		58.8	3.507
GIN	2053.1116	11626003		58.1	3.607
GIN	2604.1172	13205157		59.3	4.9843
GIN	2640.3442	13531909		58.9	4.8905
GIN	2383.5789	12240791		59.1	3.9641
GIN	2471.719	12554871		59.3	4.5344
GIN	2545.1401	12877537		59.7	4.9493
GIN	1976.9581	10788696		57.4	
GIN	2028.5148	11333362		57.9	3.656
GIN	1912.8179	10527711		57	4.170938
GIN	2005.382	11055433		57.8	
IND	4374.2324	1257621248	3.788104	67.4	4.974501
IND	4551.8623	1274487168	3.7252629	67.9	
IND	4780.12	1291132032	3.5533159	68.5	
IND	5071.047	1307246464	3.6225762	69.1	4.565
IND	5789.678	1338636288	3.1614263	70.1	4.315
IND	5411.8755	1322866560	3.3543067	69.6	4.404
IND	6592.042	1407563904	2.9362788	67.2	3.7771
IND	6436.1533	1369003264	2.993784	70.7	4.0152
IND	6112.0664	1354195712	3.0288827	70.5	4.1898
IND	6608.624	1383112064	2.926661	70.9	3.5733
IND	6114.0317	1396387072	2.9111555	70.1	3.8189
SDN	4133.1304	43232092		65.9	
SDN	4692.278	35990708		63.7	
SDN	3874.8003	44440484		65.6	
SDN	4718.919	38171172		64.7	4.139
SDN	4711.0596	35159792		63.8	
SDN	4613.95	40679820		65.4	4.1387
SDN	4349.21	41999064		65.7	
SDN	5047.334	34419628		63.2	4.424363
SDN	3701.069	45657204		65.3	
SDN	4776.62	37003248		64.3	4.55
SDN	4733.0176	39377168		64.8	4.139
GMB	2076.5664	2639922		62.1	5.1636
GMB	1885.1421	2189023		62.3	
GMB	1974.0941	2061020		62.1	
GMB	2042.6202	2574005		62.6	5.051
GMB	1927.0399	2381189		63	
GMB	1969.777	2124876		62.1	
GMB	2012.5908	2444916		63	4.5163
GMB	1889.1381	2317212		63	
GMB	1934.7279	1998215		61.5	
GMB	1905.823	2253137		62.5	
GMB	2083.309	2508882		63.8	4.7506
CZE	38824.887	10531315	0.62670296	79	6.7109
CZE	34002.19	10496379	0.8193302	77.8	6.35963
CZE	33661.47	10514547	0.85595655	78.2	
CZE	36168.418	10523801	0.83620006	78.6	6.596
CZE	37014.96	10527584	0.6174252	79	6.609
CZE	40740.992	10510748	0.44716123	77.7	6.9198
CZE	33688.1	10511065	0.9989473	78	
CZE	34386.703	10517178	0.7701683	78.8	6.505
CZE	39941.285	10534598		79	6.8521
CZE	40989.727	10536876	0.9205769	79.2	6.9109
CZE	38639.98	10530951	0.73117787	78.6	6.9647
HRV	24153.059	4331592	1.1773956	77.3	
HRV	26950.719	4096872	0.97635525	78	5.8817
HRV	25999.834	4223748	1.041728	78.2	5.293
HRV	24931.486	4254821	0.86960304	77.6	5.488
HRV	31635.824	4060139	0.81278074	77.6	6.1252
HRV	24118.531	4283968	0.8403416	78	5.759
HRV	27211.824	4192468	1.0972061	78.1	5.3212
HRV	24654.197	4351838	1.1259601	77.2	5.622628
HRV	24124.064	4308854	1.0675694	77.8	
HRV	28225.002	4160488	0.57685584	78.3	5.4318
HRV	29352.79	4129749	0.79907954	78.7	5.5047
QAT	110931.51	1905670	0.3673268	79.2	
QAT	109625.63	2035509	0.4421517	79.5	
QAT	92862.35	2688239	0.33479217	79.3	
QAT	101971.99	2414580	0.2484912	80.1	6.375
QAT	92177.59	2711764	0.44251794	80.7	6.3745
QAT	111879.75	1804175	0.22170842	78.9	6.569056
QAT	106141.33	2214471	0.4064188	79.8	6.611
QAT	91461.62	2766743	0.36143726	80.9	6.3745
QAT	90840.43	2807242	0.39184463	81	
QAT	97783.12	2595175	0.46239817	80.4	6.375
QAT	89019.07	2760390	0.43472198	79.1	
AFG	2079.9219	37769496	7.180397	63.6	2.5669
AFG	1968.341	38972236	6.594439	62.6	2.5229
AFG	2096.093	35643420	6.8006945	63	3.6315
AFG	2108.714	33753500	9.975262	62.7	3.36
AFG	1961.0963	29249156	4.208668	61.4	4.25835
AFG	2144.4497	32716214		62.5	3.575
AFG	2101.422	34636212	6.6924186	63.1	3.794
AFG	2122.8308	30466484	6.393913	61.9	
AFG	2060.699	36686788	6.7435727	63.1	3.2033
AFG	1516.3057	40099460	4.0224977	62	2.4038
AFG	2165.3408	31541216		62.4	
BOL	6952.7383	10569697		66.7	
BOL	7305.228	10743352		67	
BOL	8466.293	11606906	4.945332	67.7	5.7793
BOL	7679.933	11936169	3.4935853	64.5	5.7159
BOL	6724.301	10396249		66.5	5.633493
BOL	7825.7666	11090090	4.896265	67.3	5.822
BOL	8528.749	11777318	4.2199774	67.8	5.7475
BOL	8052.1772	12079474	3.4935303	63.6	5.6003
BOL	8034.173	11263016	5.7000723	67.6	5.823
BOL	8244.934	11435535	6.5322704	67.7	5.7519
BOL	7581.5986	10916991		67.2	5.89
AUS	49774.34	25921094	0.74456745	84.5	7.1621
AUS	45405.367	22357032	1.1092706	82.1	7.344625
AUS	49379.094	25357168	0.887323	83.1	7.2228
AUS	47567.68	23820240	0.99075425	82.7	7.313
AUS	46744.625	23111788	1.0600654	82.6	
AUS	48747.85	25670052	0.86092544	84.3	7.1835
AUS	46360.605	22729272	1.0691061	82.3	
AUS	49052.816	24979228	0.88473505	83.4	7.228
AUS	48109.203	24195706	0.9381832	82.9	7.284
AUS	48400.246	24590336	0.84586084	83	7.2721
AUS	47240.273	23469578	1.0353829	82.6	7.284
NLD	53847.83	17124512	0.548921	81.5	7.377
NLD	52594.23	16701470	0.85621196	81.1	7.512336
NLD	56617.35	17501696	0.65136546	81.7	7.4149
NLD	52974.117	17041110	0.610289	81.5	7.339
NLD	52186.996	16954080	0.725489	81.6	7.378
NLD	56784.04	17363260	0.62776226	82	7.4489
NLD	51640.08	16867352	0.7410766	81.3	
NLD	56060.914	17286042	0.5785014	81.8	7.4876
NLD	51860.055	16785296	0.86385113	81	
NLD	54275.004	17434562	0.61372364	81.6	7.464
NLD	55088.633	17207204	0.76712084	81.7	7.4413
LKA	13386.682	21773438		76.4	4.3622
LKA	12420.553	21336692	2.2824526	74.9	4.415
LKA	13639.021	21649664	3.427305	76	4.327
LKA	11414.167	21131762	2.9292407	74.2	
LKA	13753.055	21580712	2.3817568	75.7	4.3659
LKA	12029.375	21239448	2.6036446	74.7	4.271
LKA	13584.193	21506816	2.2597492	75.4	4.4706
LKA	10190.35	20859746	3.5091517	73.4	4.25961
LKA	12904.854	21425494	2.4736886	75.3	4.44
LKA	13095.761	21715076		76.4	4.325
LKA	11055.634	21017150	3.2164214	73.9	
AUT	54172.99	8797497	0.79568094	81.6	7.1394
AUT	53297.445	8429641	0.96089554	80.8	
AUT	53345.742	8736491	0.6180974	81.6	7.006
AUT	52873.86	8642422	0.5091166	81.2	7.119
AUT	54121.145	8922086	0.7285295	81.6	7.163
AUT	55217.285	8840518	0.9727943	81.7	7.246
AUT	51988.414	8907780	0.72969943	81.5	7.2678
AUT	52932.9	8546066	0.4914542	81.4	7.2
AUT	52997.754	8479542	0.7193787	81.1	
AUT	53179.15	8391201	0.91762805	80.8	7.227316
AUT	55806.438	8879939	0.867123	81.9	7.2942
KOR	38828.742	50994396	0.73537487	82.6	5.835
KOR	41965.89	51676900	0.5979461	83.3	5.8947
KOR	36049.195	49634188	0.8764121	81.3	
KOR	42396.76	51844688	0.59408206	83.6	5.8455
KOR	37021.133	50098228	0.7026197	81.9	
KOR	44232.207	51830136	0.52093244	83.7	5.9351
KOR	37967.477	50558044	0.7456776	82.4	5.984
KOR	39814.66	51309984	0.6938221	82.9	5.838
KOR	42758.59	51803832	0.5733167	83.7	5.8724
KOR	35388.977	49169880	0.8196075	81.2	5.643442
KOR	40957.418	51511640	0.58433396	83.3	5.8749
MRT	4825.088	3524250		63.3	4.64289
MRT	5020.1367	3843181		64.2	4.436
MRT	5314.8496	4498605	1.0225395	64.5	4.2274
MRT	5080.809	4051896		64.8	4.292
MRT	5151.9	3946225		64.5	4.201
MRT	5367.2163	4270717	1.241011	65.3	4.4903
MRT	5505.6465	4383853	1.0949284	65.7	4.3746
MRT	4885.6924	3636122		63.6	
MRT	4943.233	3742965		63.9	
MRT	5307.522	4614981		64.4	4.1526
MRT	5259.065	4160018		65.1	4.3555
SYR		19205178		65.1	3.069
SYR		19333464		70.1	3.4619
SYR		22605582		66.8	
SYR		21495830		63.8	
SYR		18983370		68.5	3.4619
SYR		22730734		73.3	4.735339
SYR		20098252		71.8	
SYR		20772602		72.1	
SYR		20072232		63.2	3.006
SYR		21324366		72.1	
SYR		18964252		66	3.462
SWZ	8290.409	1180663		59.7	4.3081
SWZ	7969.2075	1125872	10.48083	53	4.867
SWZ	7701.394	1111453	9.357197	49.8	
SWZ	7949.588	1118329	9.120832	51.5	
SWZ	8501.267	1169620		60.5	4.3081
SWZ	7347.2046	1105379	15.560379	48.2	
SWZ	8088.7344	1133941	9.877101	55	
SWZ	8113.2397	1142529	10.15296	56.7	
SWZ	8856.829	1192273	12.664906	57.1	4.3961
SWZ	8213.921	1151397	11.290696	57.9	
SWZ	8342.998	1160430		59.4	4.2116
MAR	8217.599	36304408	1.7270631	74.3	5.0948
MAR	7462.153	34248608	1.0365386	72.5	5.013
MAR	7921.619	35528116	2.1419656	73.7	5.2537
MAR	6064.432	32903708	1.3402748	71.3	4.793151
MAR	7545.995	36688768	1.2483383	73.9	4.918
MAR	6160.9985	33352166	1.1483511	71.7	
MAR	7632.1855	35107272	1.6919576	73.3	5.235
MAR	8072.0864	35927516	1.419525	74	5.2081
MAR	8058.397	37076588	1.9311379	74	5.0599
MAR	7687.691	34680456	1.2427748	72.9	5.151
MAR	6352.433	33803528	1.2690983	72.1	
POL	27667.69	38553148	0.772959	77.4	5.835
POL	25258.594	38625872	1.0588757	76.7	
POL	28497.104	38532108	0.6747619	77.8	5.973
POL	34915.523	38307724	0.71265	76.5	6.1228
POL	24874.172	38620848	1.0926741	76.7	5.803043
POL	32546.826	38428368	0.692197	76.9	6.1661
POL	26488.201	38581880	0.74387264	77.6	5.791
POL	29958.121	38532816	0.74481976	77.7	6.123
POL	25490.328	38607352	0.79000497	77	
POL	31739.258	38521464	0.70869595	77.6	6.1817
POL	33159.75	38493600	0.6572521	77.9	6.1863
ITA	40247.83	60232908	0.77864414	82.5	5.977
ITA	42739.05	59727936	0.53073996	83.6	6.3874
ITA	42892.305	60025952	0.9196023	82.2	6.578179
ITA	40837.74	60118628	0.6720047	83	5.964
ITA	42045.92	59877432	0.5995582	83.2	6.2234
ITA	40268.113	60312600	0.8323302	82.7	
ITA	39898.527	60322792	0.7874304	82.9	5.948
ITA	39065.28	59500576	0.47898695	82.4	6.4831
ITA	41501.71	60190152	0.8805428	82.3	
ITA	41581.12	60004024	0.6266246	82.7	6.0004
ITA	41929.43	59240336	0.51147586	82.9	6.4667
SLE	1914.7379	6964867		56.3	
SLE	1513.562	7314779	1.6951996	57.2	4.635
SLE	1593.4835	7677570		58.7	4.5706
SLE	1450.4935	6612390	2.8280268	54.6	3.585802
SLE	1952.6921	7140700		56.4	4.507
SLE	1627.34	6788594	1.6645583	55.5	
SLE	1610.1619	7861287		59.8	4.3742
SLE	1586.196	8233973	2.1374865	59.8	3.8494
SLE	1566.8431	7493918		58.4	4.709
SLE	1614.6981	8420642		60.1	3.574
SLE	1655.6852	8046830		60.3	3.9264
ALB	11229.992	2892191	5.4284067	78.1	
ALB	11054.788	2900660	4.8954477	78.1	5.133704
ALB	13256.125	2866850	2.127772	77	5.1174
ALB	14518.906	2854710	2.3119686	76.5	5.1988
ALB	12294.077	2881064	2.7420435	78.9	4.644
ALB	12773.269	2879361	2.01434	79	4.586
ALB	13319.495	2877019	2.294046	79.2	4.7186
ALB	11880.598	2882482	2.22031	78.6	4.655
ALB	13655.665	2873883	2.2617478	79.3	4.8827
ALB	11363.318	2887019	4.2950954	78.1	
ALB	11588.925	2884100	4.64616	78.4	4.959
UKR	11216.118	44982568		73.5	4.324
UKR	12943.614	43531424	3.843201	71.6	5.0841
UKR	12933.356	45516136		71.4	5.089082
UKR	12985.087	45406228	5.144669	71.6	
UKR	13020.601	45307104		71.9	
UKR	11536.316	44833568		74.3	4.096
UKR	11860.561	44657260	6.160253	74.7	4.1029
UKR	12407.79	43909664	3.8670301	72.6	4.8748
UKR	12385.813	45148072	6.301487	72.6	4.681
UKR	12336.927	44446952	4.5042458	74.4	4.3322
UKR	12804.955	44211100	4.116614	74.5	4.5607
IRL	53712.285	4544504	0.92419386	80.6	7.284488
IRL	86681.27	4896021	0.6535922	82.3	7.0937
IRL	71490.805	4665764	0.6644148	81.4	6.907
IRL	102496.22	4986525	0.4411889	82	7.0408
IRL	72106.8	4715791	0.72098243	81.5	6.977
IRL	91099.75	4946123	0.6671898	82.5	7.0853
IRL	83340.39	4834506	0.80670065	82.1	7.0211
IRL	53482.2	4564550	1.1392142	80.8	
IRL	53800.207	4588830	1.1113939	81	
IRL	77749.2	4771860	0.8172925	81.9	6.9771
IRL	58027.84	4622165		81.3	6.94
CIV	4541.195	24213620		58.1	4.18
CIV	5098.56	26811792		59	5.306
CIV	4347.778	23596738		57.8	3.916
CIV	5126.6343	26147544		59.3	5.2333
CIV	3404.5247	21562916		55.5	4.197182
CIV	3894.5154	22469272		56.7	
CIV	4949.6147	25493990		58.8	4.9438
CIV	5325.0303	27478250		58.6	5.2346
CIV	4162.0244	22995554		57.2	3.655
CIV	3589.4216	22010708		56.2	
CIV	4750.9365	24848024		58.5	4.6712
BWA	14665.272	2260383		62.6	4.332
BWA	13250.251	2134043		60.5	4.580534
BWA	12975.948	2175429		60.8	
BWA	13682.704	2305177		63.8	3.974
BWA	14962.081	2451411		65.4	3.4884
BWA	14656.773	2401848		66.8	3.5898
BWA	14373.52	2352419		65.5	3.766
BWA	14840.913	2588424	10.546963	61.1	3.4711
BWA	15117.995	2499705		65.5	3.4789
BWA	14144.519	2217285		62	
BWA	13545.674	2546404	8.678912	65.6	3.4665
PSE	5967.073	4380473	0.54788584	72.6	4.715
PSE	5643.0723	5133393	0.8766134	73.5	4.4825
PSE	6118.2573	4281800	0.5605127	74	
PSE	5402.5386	5019407	0.9562893	74.4	4.5167
PSE	6318.21	4805549	0.4994229	74.8	4.6963
PSE	6401.7407	4700954	0.7232586	74.8	4.7433
PSE	5782.6895	4087747	0.7339011	73.2	4.55501
PSE	6438.9336	4593855	0.41359663	74.6	4.775
PSE	5985.683	4184161	0.69308996	73.5	
PSE	6245.4487	4909775	0.7128637	75.2	4.5528
PSE	6048.9766	4484615	1.2041172	74.4	4.754
IRN	15163.292	84505080		76	4.7066
IRN	14113.458	78458928	2.596263	74.4	
IRN	14432.362	87290192		74.8	4.7212
IRN	14010.858	81790848		75.1	4.813
IRN	14628.946	85617560		76.2	4.548
IRN	14541.85	77324448		74.2	
IRN	15302.202	76342968		73.7	5.149403
IRN	15004.6875	87923432		73.9	4.8879
IRN	14538.521	79961672	2.42116	74.8	4.686
IRN	14968.595	83306232		75.6	4.692
IRN	14084.354	86564208		76.1	4.6724
VEN		28971686	40.984848	72.2	5.0532
VEN		29838022		73.2	
VEN		28490458	29.4274	71.1	4.8922
VEN		30563430	47.982174	71.9	4.8056
VEN		29470428	54.53603	73	
VEN		28199862	19.305056	70.6	4.9255
VEN		29825652		72	4.7066
VEN		30741464	56.623848	72.1	5.25
VEN		29096158	48.453133	72.9	6.922258
VEN		30193260	63.027313	72.9	6.81
VEN		30529722	51.274635	73	6.084
TUN	10562.662	11300284		75.7	
TUN	10750.714	11685666		75.8	4.805
TUN	10397.944	12262949		73.8	4.516
TUN	10050.046	12161720	4.6210556	75.3	4.5965
TUN	10134.997	11032529		75.5	5.140657
TUN	10749.49	11557779		75.7	5.045
TUN	11100.82	12049319	4.738859	76	4.3922
TUN	11042.961	11933040		76	4.4606
TUN	10428.271	11174384	2.9710813	75.5	
TUN	10874.947	11811441		75.8	4.5924
TUN	10766.497	11428953		75.6	4.739
COD	1073.6433	95894120		59.2	
COD	1059.8921	89906896		60.3	4.311
COD	1032.5719	78656904		58.5	4.272
COD	1023.53986	84283272		59.4	4.2449
COD	1021.3272	81430976		59.1	4.28
COD	944.64026	73460032		57.8	
COD	999.07214	76035592		58.3	4.517
COD	1048.2465	87087352		59.9	4.4181
COD	900.979	70997872		57.2	
COD	1044.0712	92853168		59.7	
COD	870.0738	68654272		57.1	3.983849
ZMB	3183.651	18927716		62.4	4.0734
ZMB	3275.9683	14744662	6.002174	58.9	
ZMB	3375.9412	15737796	5.242158	60.7	5.129
ZMB	3384.268	16767758		61.8	4.514
ZMB	3425.949	17835898		62.3	4.1066
ZMB	3236.789	19473132		61.2	3.7598
ZMB	3395.4797	17298056		62.1	4.3771
ZMB	3372.359	18380478		62.8	3.7594
ZMB	3330.877	15234976	5.6908526	59.9	
ZMB	3146.8445	14265824	6.049427	57.8	4.704553
ZMB	3365.3792	16248231	5.2498026	61.2	4.795
DZA	10844.7705	43451668	1.5051206	74.5	4.8871
DZA	11270.701	37260568	1.4036288	74.2	
DZA	11039.806	44177964	1.5731823	76.4	5.1223
DZA	11113.969	36543548	0.76620924	74.1	5.367827
DZA	11809.483	41136548	1.2738065	75.7	5.2946
DZA	11627.28	42705372	1.2153039	76.5	5.0051
DZA	11561.26	38760168	1.4886416	75.1	5.605
DZA	11751.634	39543148	1.38077	75.6	6.355
DZA	11725.878	41927008	1.3547354	76.1	5.2113
DZA	11360.638	38000628	1.2631371	74.6	
DZA	11888.323	40339328	1.343602	75.7	5.872
BFA	1776.391	17113736		57.6	
BFA	1916.7563	19275504		59.3	4.032
BFA	2179.789	22100690		59.3	4.6705
BFA	1720.0825	16602652		57.1	3.926028
BFA	1862.8547	18718022		58.8	3.739
BFA	2051.2185	20392730		60	4.5868
BFA	1846.6451	18169844		58.4	3.587
BFA	1978.155	19835860		59.5	4.4244
BFA	2093.7336	21522632		59.7	4.8338
BFA	1823.595	17636414		57.8	
BFA	2110.0623	20951638		60	4.7687
IRQ	9371.214	37757812		69.4	4.575
IRQ	8493.082	32378066	8.1351385	67.7	4.881612
IRQ	9251.982	33864452	7.9641047	68	
IRQ	8962.395	43533592		70.4	4.9409
IRQ	10404.204	38697940		69	4.497
IRQ	9976.8545	39621156		70.4	4.4556
IRQ	10299.316	41563524		71.6	4.7848
IRQ	8919.798	42556988		69.1	4.8541
IRQ	9194.864	36746484		68.9	4.677
IRQ	9503.875	35481804	9.410459	68.3	
IRQ	9995.05	40590700		71.5	4.4372
